time,longitude,latitude,altitude_2,speed_2,time_2,music_2,conversation_2
1446061345,-86.7854516,36.1640429,153,0.8,0,1,H: here is this uh.. sign/A: this is one.. the nashville sit ins I have a picture of/A: it/H: * yea do you have the youtube thing going is it just a song ok/J: * yea go tell it on a mountain/H: wonder if there was supposed to be like a write up and we are just not getting/A: this is one of the points/J: oh it's not really loading/H: so I guess the church was on this parking lot site/J: first wait the baptist church was called capitol hill?/A: we don't have text either/M: you don't?/A: * nope/J: * of the 1960's movement
1446061350,-86.7854932,36.1640829,154,0.8,5,1,
1446061355,-86.785535,36.1641295,154,0.7,10,1,
1446061360,-86.7855425,36.1641602,154,0.7,15,1,
1446061365,-86.7855496,36.1641712,154,0,20,1,
1446061370,-86.7855543,36.1641665,154,0,25,1,
1446061375,-86.7855543,36.1641665,154,0,30,1,
1446061380,-86.7855543,36.1641665,154,0,35,1,
1446061385,-86.7855543,36.1641665,154,0,40,1,
1446061390,-86.7855543,36.1641665,154,0,45,0,
1446061395,-86.7855543,36.1641665,155,0,50,0,
1446061400,-86.7855543,36.1641665,155,0,55,0,
1446061405,-86.7855543,36.1641665,154,0,60,0,J: strategy sessions non violent the well disciplined/H: was there supposed to be text?/M: it's alright if its yea it might have just been a timing thing like they might not have yea been able to cuz we finished up right away and then we updated/H: * yea/A: so popular Jane/J: I have to have the sound on for the youtube even though I don't..uh well disciplined nashville sit ins served as a model for civil rights demonstrations throughout the south..ok/H: wonder if yea so what's the next/A: walk?/H: yea so what's the next?/A: we go back the way we came/H: this is not I mean I'm not getting everything/A: I only get the pictures/H: oh crap well my phone's dead so lets (inaudible) alright follow you guys/A: ok
1446061410,-86.7855543,36.1641665,154,0,65,0,
1446061415,-86.7855543,36.1641665,154,0,70,0,
1446061420,-86.7855543,36.1641665,154,0,75,0,
1446061425,-86.7855543,36.1641665,154,0,80,0,
1446061430,-86.785554,36.1641594,154,0.3,85,0,
1446061435,-86.7855574,36.1641542,154,0,90,0,
1446061440,-86.7855574,36.1641542,154,0,95,1,
1446061445,-86.7855574,36.1641542,154,0,100,1,
1446061450,-86.7855357,36.1641463,154,0.7,105,1,
1446061455,-86.7855074,36.1641356,153,1.1,110,1,
1446061460,-86.7855006,36.1640872,154,1,115,1,
1446061465,-86.785485,36.1640311,155,1,120,1,H: do you know what the next photo stop is supposed to indicate?/A: it's a historical picture of the first baptist church that we just read about/J: oh cool.. I wonder why it was knocked down/A: they needed a parking lot for all the state bureaucrats/J: paved paradise and put up a parking lot/A: literally tore down god's house/A: the next thing we're going to is rosa l parks boulevard/H: ok/J: we're on that right?/A: we're going to a sign that says that's what it's called/J: oh
1446061470,-86.7854515,36.1639895,156,0.9,125,1,
1446061475,-86.7854123,36.1639455,155,1.1,130,1,
1446061480,-86.7853698,36.1639121,155,0.2,135,1,
1446061485,-86.7853629,36.1639039,155,0.8,140,1,
1446061490,-86.7853343,36.1638387,157,0.6,145,1,
1446061495,-86.7852956,36.1637952,158,1.4,150,1,
1446061500,-86.7852594,36.1637428,159,1.4,155,1,
1446061505,-86.7852304,36.1636932,159,1.2,160,1,
1446061510,-86.7852278,36.1636378,159,0.9,165,1,
1446061515,-86.7852025,36.163592,160,1.1,170,1,
1446061520,-86.7851721,36.1635471,160,1.1,175,1,
1446061525,-86.7851236,36.1635083,159,1.1,180,1,J: take it all in just let it play/H: let it play/A: to be honest it is starting to get a little annoying (laughing)/A: ok this is the next picture/J: rosa l parks so it was named for rosa l parks/H: * wait let me see ok so that's where/J: where?
1446061530,-86.7850783,36.163468,160,1.4,185,1,
1446061535,-86.785042,36.1634111,160,1.2,190,1,
1446061540,-86.7850182,36.1633686,160,0.9,195,1,
1446061545,-86.7849923,36.1633207,160,1.1,200,1,
1446061550,-86.7849688,36.163262,160,1.5,205,1,
1446061555,-86.7849447,36.1632038,160,1.2,210,1,
1446061560,-86.7849276,36.1631559,160,1.2,215,1,
1446061565,-86.7849069,36.1631012,161,1.2,220,1,
1446061570,-86.7848705,36.1630518,161,1.1,225,1,
1446061575,-86.7848673,36.1630421,161,0.2,230,1,
1446061580,-86.7848753,36.1630387,161,0,235,1,
1446061585,-86.7848581,36.163009,162,0.7,240,1,H: where's where's that tree supposed to be?/A: those are the those trees/H: ok great ok/J: where was rosa parks from?/A: montgomery/H: yes/A: do you wanna cross?/J: that way?/A: yea/H: yea might as well/A: or no wait no that's not where we are going my bad/J: that was first performed in uh 1963 and it's by fannie lou hamer/H: right on well we read the one civil rights music piece that talked about how they used like typical gospel and re adjusted with new lyrics to fit whatever the situation was
1446061590,-86.7848607,36.1629946,162,0.4,245,1,
1446061595,-86.7848642,36.1629963,162,0,250,1,
1446061600,-86.7848642,36.1629963,162,0,255,1,
1446061605,-86.7848642,36.1629963,163,0,260,1,
1446061610,-86.7848642,36.1629963,163,0,265,1,
1446061615,-86.7848642,36.1629963,163,0,270,1,
1446061620,-86.7848642,36.1629963,163,0,275,1,
1446061625,-86.7848642,36.1629963,163,0,280,1,
1446061630,-86.7848642,36.1629963,163,0,285,0,
1446061635,-86.7848641,36.1630079,162,0.4,290,0,
1446061640,-86.7848463,36.1630102,162,0,295,0,
1446061645,-86.7848463,36.1630102,162,0,300,0,J: and we were just at a baptist church/H: yea/J: they sing gospel music at baptist churches right?/H: yes they do/H: well I know that our our text did load to ours yea cuz I checked/A: * it did you checked/A: * that's good/J: * that's good/A: oh we missed it/J: you know let this guy buffer (laughing)/H: least I think/A: you really do have the giggles/J: we missed it we just stood here!/J: yea we missed the light/M: (laughing) ahh haha you missed the light because you were on that's great/J: this next song is the golden gospel singers I don't know if that's what it's by or what actually I think the title is oh freedom/H: oh freedom/J: just a guess
1446061650,-86.7848463,36.1630102,162,0,305,0,
1446061655,-86.784835,36.1629965,162,0,310,0,
1446061660,-86.784835,36.1629965,162,0,315,0,
1446061665,-86.784835,36.1629965,163,0,320,0,
1446061670,-86.784835,36.1629965,163,0,325,0,
1446061675,-86.784835,36.1629965,163,0,330,0,
1446061680,-86.784835,36.1629965,163,0,335,0,
1446061685,-86.784835,36.1629965,163,0,340,0,
1446061690,-86.784835,36.1629965,163,0,345,0,
1446061695,-86.784835,36.1629965,163,0,350,1,
1446061700,-86.784835,36.1629965,163,0,355,1,
1446061705,-86.784835,36.1629965,164,0,360,1,J: looks cool with the clouds/A: what?/J: over there/A: does that mean we are good to go/H: * yea/J: * yea/A: there just is no walk sign/H: so where's our next stop?/A: i guess back at the library or close to it/H: ok
1446061710,-86.784835,36.1629965,164,0,365,1,
1446061715,-86.784835,36.1629965,164,0,370,1,
1446061720,-86.784835,36.1629965,163,0,375,1,
1446061725,-86.7848526,36.1629947,163,0,380,1,
1446061730,-86.7848058,36.1629344,164,1.5,385,1,
1446061735,-86.7847723,36.1628862,164,1.6,390,1,
1446061740,-86.7847378,36.1628269,164,1.4,395,1,
1446061745,-86.7847124,36.1627808,165,1.2,400,1,
1446061750,-86.7846737,36.1627249,164,1.3,405,1,
1446061755,-86.7846486,36.162669,164,1.3,410,1,
1446061760,-86.7846139,36.1626053,164,1.4,415,1,
1446061765,-86.7845756,36.1625488,164,1.2,420,1,A: looks like we are going to have to cut across here/H: we're cut across here when it's clear/H: I think we're good/J: it's one way
1446061770,-86.784537,36.1625053,163,1.2,425,1,
1446061775,-86.7844848,36.1624636,163,1.3,430,1,
1446061780,-86.78446,36.1624177,162,1.2,435,1,
1446061785,-86.7844327,36.1623683,163,1.4,440,1,
1446061790,-86.7844086,36.1623204,163,1.3,445,1,
1446061795,-86.7843729,36.162275,163,1,450,1,
1446061800,-86.7843472,36.1622426,162,0.6,455,1,
1446061805,-86.7843166,36.1622417,162,1.2,460,1,
1446061810,-86.7842436,36.1622538,162,1.2,465,1,
1446061815,-86.7841812,36.1622522,162,1,470,1,
1446061820,-86.7841424,36.1622033,161,1.1,475,1,
1446061825,-86.7841279,36.1621484,161,1.2,480,1,H: so some of these stops I saw them recording like an audio layer to so we're gonna have to be able to access that either/A: * we'll see!/J: * oh/H: hopefully I don't know.. I assume that when we log on like from the computer we'll be able to like uh see everything for the purposes of writing our papers and what not/J: * get the missing information/J: oh that's true though we'll be able to go back and/H: yea yea which is the nice thing about livetrekker actually/H: I think livetrekker's like design is to like go back and look at trips you've already done and share share things/J: well that's what we're doing/H: yea that's true/H: just trying to recreate it/J: the youtube video has a montage of protestors with signs just so you know/H: like from the sit in movement/J: yea presumably yea civil rights
1446061830,-86.7841059,36.1620906,160,1.2,485,1,
1446061835,-86.7840744,36.1620308,160,1.2,490,1,
1446061840,-86.7840355,36.1619863,159,1.2,495,1,
1446061845,-86.7839971,36.161937,158,1.2,500,1,
1446061850,-86.7839559,36.1618805,157,1.1,505,1,
1446061855,-86.7839182,36.1618328,157,1.3,510,1,
1446061860,-86.7838866,36.1617825,157,1.2,515,1,
1446061865,-86.7838516,36.1617289,157,1.3,520,1,
1446061870,-86.7838053,36.1617017,156,1.1,525,1,
1446061875,-86.7837504,36.161721,155,1.1,530,1,
1446061880,-86.7836825,36.1617616,155,1.2,540,0,J: we got an ad/H: oh no/H: sam cooke/A: this is different/H: change is gonna come.. this is a famous song
1446061890,-86.7835731,36.161814,155,0.8,545,0,
1446061895,-86.7835235,36.1618341,155,0.9,550,0,
1446061900,-86.7834532,36.1618535,156,1,555,0,
1446061905,-86.7833864,36.1618616,156,1.3,560,0,
1446061910,-86.7833212,36.1618748,157,1.3,565,0,
1446061915,-86.783298,36.1618845,157,1.1,570,0,
1446061920,-86.7832407,36.161922,157,0.9,575,1,
1446061925,-86.7831737,36.1619472,157,1,580,1,
1446061930,-86.7831105,36.1619666,157,0.9,585,1,
1446061935,-86.7830546,36.1620059,156,0.8,590,1,
1446061940,-86.7829995,36.1620243,156,1,595,1,
1446061945,-86.7829329,36.1620587,156,1,600,1,J: any more blogs.. not yet?/H: haha they are neat/J: uh they're cameras.. yep/H: what's it look like Ally?/A: it's a historical picture of a sit in at a store which I'm pretty sure is like one block over/H: used to be right here? or close to here?/A: yea/H: ok/J: so not a restaurant it's about shopping?/A: I don't know/J: oh
1446061950,-86.782871,36.1620945,156,1,605,1,
1446061955,-86.7828241,36.1621259,156,0.7,610,1,
1446061960,-86.7828009,36.1621389,156,0.8,615,1,
1446061965,-86.7827246,36.1621059,156,0.7,620,1,
1446061970,-86.7827288,36.1621144,155,0.2,625,1,
1446061975,-86.7827326,36.162146,155,0.8,630,1,
1446061980,-86.7827495,36.1621659,155,0.3,635,1,
1446061985,-86.7827725,36.162166,155,0.3,640,1,
1446061990,-86.7827571,36.1621751,155,0.2,645,1,
1446061995,-86.782728,36.1622028,155,1.2,650,1,
1446062000,-86.782647,36.1622211,154,1.3,655,1,
1446062005,-86.7825721,36.1622469,155,0.9,660,1,H: yea we can walk/A: oh no/J: so around here the shop would have been?/A: think so or maybe it was here and they tore it down/J: ok/A: I'm having some technical difficulty/J: up that way/H: let me see
1446062010,-86.7825905,36.1622946,155,1.2,665,1,
1446062015,-86.7826019,36.1623232,155,1.3,670,1,
1446062020,-86.7825112,36.1623433,156,2,675,1,
1446062025,-86.7823533,36.1623251,155,1.5,680,1,
1446062030,-86.7822714,36.1623612,155,1.4,685,1,
1446062035,-86.7822101,36.1624016,155,1.3,690,1,
1446062040,-86.782148,36.1624282,155,1.4,695,1,
1446062045,-86.7821003,36.162458,155,0.9,700,1,
1446062050,-86.7820571,36.1624755,155,0.2,705,1,
1446062055,-86.7820561,36.1624737,155,0,710,1,
1446062060,-86.7820561,36.1624737,155,0,715,1,
1446062065,-86.7820561,36.1624737,155,0,720,1,J: let's appreciate change is gonna come/H: were are we?/A: underneath the loading/H: oh ok/H: it's trying to load/A: maybe it found the text/H: that would be nice/H: has any text loaded for you guys yet?/M: I don't think so right we're not getting text no we're not getting text/H: we have like a long loading circle /A: * ok it's back/H: oh never mind ok/A: we missed it we were supposed to turn up there/H: ok/A: whoops/A: so this is the building I guess then/H: ok yeah.. pull up that original (inaudble)/A: hates me/H: well livetrekker is not being cooperative
1446062070,-86.7820561,36.1624737,157,0,725,1,
1446062075,-86.7820561,36.1624737,156,0,730,1,
1446062080,-86.7820561,36.1624737,155,0,735,1,
1446062085,-86.7820561,36.1624737,155,0,740,1,
1446062090,-86.7820561,36.1624737,155,0,745,1,
1446062095,-86.7820812,36.1624534,155,0.7,750,1,
1446062100,-86.7821371,36.1624291,155,1.2,755,1,
1446062105,-86.7821904,36.1623153,155,2.8,760,1,
1446062110,-86.7822713,36.1622149,155,1.2,765,1,
1446062115,-86.7823271,36.1621824,156,1,770,1,
1446062120,-86.7823745,36.1621805,156,0.9,775,1,
1446062125,-86.7824288,36.1621825,156,0.9,780,1,J: we shall overcome/H: sounds like a folk song/J: here maybe/A: hmhm/A: it's back/H: ok (laughing)
1446062130,-86.7825067,36.1621879,156,1.8,785,1,
1446062135,-86.7825684,36.1622309,157,0.9,790,1,
1446062140,-86.7826321,36.1622548,157,0.9,795,1,
1446062145,-86.7826761,36.1623091,157,1.1,800,1,
1446062150,-86.7827175,36.1623517,158,1,805,1,
1446062155,-86.7827556,36.1623689,158,1,810,1,
1446062160,-86.7828108,36.1623873,159,1.1,815,1,
1446062165,-86.7828883,36.1623949,160,0.9,820,1,
1446062170,-86.7829188,36.1624582,160,1.7,825,1,
1446062175,-86.7829295,36.1625296,160,1.5,830,1,
1446062180,-86.7829558,36.1625842,160,1.1,835,1,
1446062185,-86.7829482,36.1626573,161,1.3,840,1,H: did it just close all of a sudden/A: yep!/H: mine was doing that earlier also (inaudible)/A: I have forty six percent battery/J: you want me to try it on mine/H: that might not be a bad idea just ditch the youtube videos for a second jsut see if we can get it to work on somebody's phone.. that's exactly what it was doing to me try to open it and then it would immediately close/A: maybe I'll try the youtube now/M: is your phone dead?/H: my phone just died/M: oh yea! I gotta a charger if you need it here give me your phone/H: yea that would be awesome/M: or I guess you can just use andy's we'll use yours/H: go for it ally's phone is now doing the/M: they'll just have to charge up first/A: we're switching purposes/J: we're on we shall overcome just so you know/A: * ok
1446062190,-86.7829499,36.1627227,161,1.1,845,1,
1446062195,-86.7829445,36.1627647,160,0.8,850,1,
1446062200,-86.7829615,36.1627981,160,0.9,855,1,
1446062205,-86.7829676,36.1628531,161,1.2,860,1,
1446062210,-86.782969,36.1628736,161,0.2,865,1,
1446062215,-86.7829772,36.1628772,161,0.4,870,0,
1446062220,-86.7829881,36.1628731,161,0,875,0,
1446062225,-86.7829941,36.162863,163,0,880,0,
1446062230,-86.7829941,36.162863,163,0,885,0,
1446062235,-86.7829941,36.162863,164,0,890,0,
1446062240,-86.7829941,36.162863,164,0,895,0,
1446062245,-86.7829941,36.162863,164,0,900,0,J: how do I I want to start the no/A: you just have to swipe keep swiping that's the missing text/J: ok/A: * that's where we just were/J: ok we just were that's a video that can't load they're playing video no biggie ok that looks kind of familiar is that of no/H: so this is supposed to be on church we're on seventh right now/A: should we go to church/H: yea back this way so we need to go back to church and then follow capitol and then across/J: ok/H: so we've already been up here/J: doesn't it make you want to march?/A: do you want to march?/J: a little
1446062250,-86.7829941,36.162863,163,0,905,0,
1446062255,-86.7829941,36.162863,163,0,910,0,
1446062260,-86.7829941,36.162863,163,0,915,0,
1446062265,-86.7829941,36.162863,164,0,920,0,
1446062270,-86.7829941,36.162863,164,0,925,0,
1446062275,-86.7829908,36.1628665,164,0.2,930,0,
1446062280,-86.7829908,36.1628665,162,0,935,0,
1446062285,-86.7829841,36.1628612,161,0.2,940,1,
1446062290,-86.7829722,36.1628453,161,1,945,1,
1446062295,-86.7829439,36.1627829,162,1,950,1,
1446062300,-86.7829146,36.1627291,163,1,955,1,
1446062305,-86.7828877,36.1626613,164,1.1,960,1,H: livetrekker had it's own ideas for where we're gonna go/A: well it keeps jumping around which is the problem I had before it stopped working/H: * yea/H: it's working fine on andy's phone/A: will spotify play if you're not looking at it?/H: yes yes/J: we win/H: yea/A: are you sure you're on the right point
1446062310,-86.7828746,36.162594,163,1.2,965,1,
1446062315,-86.7828491,36.1625302,162,1.1,970,1,
1446062320,-86.7828437,36.1624625,162,1.2,975,1,
1446062325,-86.7828139,36.1623979,162,1.3,980,1,
1446062330,-86.7828151,36.1623156,162,1.5,985,1,
1446062335,-86.7828043,36.1622429,162,1.2,990,1,
1446062340,-86.7827731,36.1621711,161,1.4,995,1,
1446062345,-86.7827531,36.162123,160,1.4,1000,1,
1446062350,-86.7827399,36.1621126,160,1,1005,1,
1446062355,-86.7827726,36.1621035,160,0.9,1010,1,
1446062360,-86.7828068,36.1621361,159,0.8,1015,1,
1446062365,-86.7828001,36.1621372,160,0.3,1020,1,H: yea we're coming up right here on/A: ok/J: wait weren't we just here/H: oh wait wait wait/A: I knew we had to go back or something/H: * this way yea/H: that sixth up there? yea/A: that is sixth/H: ok/A: this is capitol/H: yep so we can take a left here and then we looks like we cut across along this 
1446062370,-86.7827397,36.1621846,159,1.4,1025,1,
1446062375,-86.782653,36.1622104,159,1.2,1030,1,
1446062380,-86.7825776,36.1622397,160,1.9,1035,1,
1446062385,-86.7825032,36.1622685,159,1.4,1040,1,
1446062390,-86.7823948,36.1622483,158,1.4,1045,1,
1446062395,-86.7823191,36.1622839,159,1.3,1050,1,
1446062400,-86.7822633,36.162331,161,1.4,1055,1,
1446062405,-86.7822042,36.1623557,160,1.1,1060,1,
1446062410,-86.7821047,36.1623569,159,1.2,1065,1,
1446062415,-86.7820334,36.1623932,156,1.4,1070,1,
1446062420,-86.7819719,36.1624386,156,1.4,1075,1,
1446062425,-86.7819243,36.1624919,155,1.2,1080,1,H: through the arcade I guess is maybe is that where that's going?/A: the arcade would be 2 blocks.. another block further/H: * oh yea you're right/H: so this goes about half way up capitol/A: the area around the capitol building is like a circle/H: ok/A: so we could be just looping around it/H: looks like we're goin/H: or we could just walk over to the next point which is on sixth/A: whatever you want to do/A: this we shall overcome video is trying to convince me that I should be doing more/H: here's a picture that actually comes up picketers mostly college students in front of the cross keys restaurant from march 30th
1446062430,-86.7819042,36.1625516,156,1.1,1085,1,
1446062435,-86.7819638,36.1626253,156,1.5,1090,1,
1446062440,-86.7820242,36.1626698,156,1.1,1095,1,
1446062445,-86.7820684,36.1627313,156,0.9,1100,1,
1446062450,-86.7820997,36.1627519,157,1,1105,1,
1446062455,-86.7821359,36.1627917,157,1.1,1110,1,
1446062460,-86.7821713,36.1628522,157,1.1,1115,1,
1446062465,-86.7822076,36.1629041,158,1.1,1120,1,
1446062470,-86.7822401,36.1629485,158,1,1125,1,
1446062475,-86.7822565,36.1630305,159,1.3,1130,1,
1446062480,-86.7822758,36.1630825,160,1.1,1135,1,
1446062485,-86.7823217,36.163119,160,1.1,1140,1,J: so do you think cross keys is gone now?/H: * we can/J: * we got caesars/J: cuz they want us to go through this ally?/H: think it might/J: the italian food smells so good/H: this at least gets us over to sixth/H: ours was at least easy to follow cuz it was straight up and back (laughing)/J: to the left now?/H: I think it looks like it's slightly down there's some there there looks like a plaque or something
1446062490,-86.7823619,36.1631585,160,1,1145,1,
1446062495,-86.7823501,36.1631919,160,0.9,1150,1,
1446062500,-86.7823205,36.1632388,160,1.2,1155,1,
1446062505,-86.7823018,36.1632803,160,1.3,1160,1,
1446062510,-86.7822066,36.1632846,159,1.4,1165,1,
1446062515,-86.7821469,36.1633315,158,1.2,1170,1,
1446062525,-86.7819816,36.1633554,158,1.1,1180,1,
1446062530,-86.7819227,36.163362,158,0.3,1185,1,
1446062535,-86.7819033,36.1633566,158,0,1190,1,
1446062540,-86.7818882,36.1633527,158,0.2,1195,1,
1446062545,-86.7818885,36.1633304,157,0.6,1200,1,H: just over here or maybe right here/J: (laughing)/J: are we still on the path?/H: maybe it's back the opposite direction looks like it goes.. that's sixth and/H: was it at the hermitage hotel?/A: this next song is woke up this morning by the freedom singers/H: oh here's something!
1446062550,-86.7818968,36.1633057,157,0.8,1205,1,
1446062555,-86.7818403,36.1632481,157,1.2,1210,1,
1446062560,-86.7817927,36.1632145,157,0.3,1215,1,
1446062570,-86.7817166,36.1632496,157,1.1,1225,1,
1446062575,-86.781802,36.1633223,157,1,1230,1,
1446062580,-86.7818503,36.1633922,157,1.1,1235,1,
1446062585,-86.7818881,36.1634392,158,0.7,1240,1,
1446062590,-86.7819074,36.1634599,159,0.9,1245,1,
1446062595,-86.7819301,36.1634674,158,0.5,1250,1,
1446062600,-86.7819694,36.163499,158,1.1,1255,1,
1446062605,-86.781926,36.1635073,158,0.2,1260,1,H: it's trying to play let me turn up the/A: oh
1446062610,-86.7819261,36.1635335,157,0,1265,1,
1446062615,-86.7819261,36.1635335,157,0,1270,0,
1446062620,-86.7819261,36.1635335,157,0,1275,0,
1446062625,-86.7819182,36.1635716,157,0,1280,0,
1446062630,-86.7819026,36.163616,157,0,1285,0,
1446062635,-86.7819026,36.163616,158,0,1290,0,
1446062640,-86.7819026,36.163616,158,0,1295,0,
1446062645,-86.7819026,36.163616,158,0,1300,0,
1446062650,-86.7819026,36.163616,158,0,1305,0,
1446062655,-86.7819026,36.163616,159,0,1310,0,
1446062660,-86.7819026,36.163616,159,0,1315,0,
1446062665,-86.7819026,36.163616,159,0,1320,0,H: talkin about the sit in movement/A: * hmhm/H: I'm not sure which cross keys I'm guessing is what they're referencing/J: presumably it was in this neighborhood/H: is that is right there I think/M: us in relation to (inaudible)/H: I think so this is the wherever that sign is.. so
1446062670,-86.7819026,36.163616,158,0,1325,0,
1446062675,-86.7819026,36.163616,158,0,1330,0,
1446062680,-86.7819026,36.163616,158,0,1335,0,
1446062685,-86.7819026,36.163616,158,0,1340,0,
1446062690,-86.7819026,36.163616,158,0,1345,0,
1446062695,-86.7819026,36.163616,158,0,1350,0,
1446062700,-86.7819026,36.163616,158,0,1355,0,
1446062705,-86.7819026,36.163616,158,0,1360,0,
1446062710,-86.7819026,36.163616,158,0,1365,0,
1446062715,-86.7819026,36.163616,158,0,1370,0,
1446062720,-86.7819026,36.163616,159,0,1375,1,
1446062725,-86.7819026,36.163616,159,0,1380,1,J: was it cool that she was able to take the perspective of.. the owner like not understand that he had his reasons to like and wasn't necessarily a cruel person.. he just worked hard and wanted/A: * either way/H: guess 221 that might have been where is that looks close/H: here's an actual picture of the sit in movement/J: wait who are they dumping food on?/A: do we want to go there?/H: yea if we can let's see if we can get there it's down there.. looks like/J: what?/H: how how'd they even get over there?/J: we need to go down right/A: yea
1446062730,-86.7819026,36.163616,158,0,1385,1,
1446062735,-86.7819026,36.163616,158,0,1390,1,
1446062740,-86.7819026,36.163616,157,0,1395,1,
1446062745,-86.7819026,36.163616,158,0,1400,1,
1446062750,-86.7819026,36.163616,158,0,1405,1,
1446062755,-86.7819026,36.163616,157,0,1410,1,
1446062760,-86.781857,36.1636255,157,0.4,1415,1,
1446062765,-86.7818378,36.163637,156,0.3,1420,1,
1446062775,-86.7818123,36.1636645,156,0.5,1430,1,
1446062780,-86.7817746,36.163698,155,0,1440,1,H: it's near the christian science reading room so is that down and over/A: we came up the block and then we cut across before we were supposed to instead of making a loop around the block so now we gotta go back/H: * yea/H: to to get to just another spot/H: christina science reading room so back that way/A: hmhm/H: oh no oh yeah it's right there/A: yea/A: this picture I really don't understand/J: are they holding a white baby?/A: oh wait that must be the mom never mind.. I'm just wondering where they got the baby/J: we're making a statement about how they all got along by stealing a baby (laughing)
1446062790,-86.781727,36.1637067,155,0,1445,1,
1446062795,-86.781727,36.1637067,155,0,1450,1,
1446062800,-86.781727,36.1637067,156,0,1455,1,
1446062805,-86.781727,36.1637067,156,0,1460,1,
1446062810,-86.781727,36.1637067,156,0,1465,1,
1446062815,-86.781727,36.1637067,156,0,1470,1,
1446062820,-86.7816443,36.1636184,156,1.3,1475,1,
1446062825,-86.7815593,36.1634964,156,0.7,1480,1,
1446062830,-86.7815744,36.1634276,157,1.3,1485,1,
1446062835,-86.7815795,36.1633563,158,1.2,1490,1,
1446062840,-86.7816114,36.1632981,158,1.1,1495,1,
1446062845,-86.7816168,36.1632396,159,1,1500,1,A: just putting a baby in the scene/A: there's the reading room/A: do we know anything about it/H: unfortunately all there is there there was supposed to be a comment but it's just the picture/J: hey but at least we are in the right place/A: now we can keep going/J: keep on keepin on change is gonna come
1446062850,-86.7815949,36.1631844,158,0.9,1505,1,
1446062855,-86.7815408,36.1631155,159,0.8,1510,1,
1446062860,-86.7814495,36.163043,159,2.2,1515,1,
1446062865,-86.7813867,36.1630139,158,0.5,1520,1,
1446062870,-86.7814272,36.162973,157,1.2,1525,1,
1446062875,-86.7814875,36.1629992,158,0.4,1530,1,
1446062880,-86.7815398,36.1629578,158,0.4,1535,0,
1446062885,-86.7815888,36.1629309,160,0.7,1540,1,
1446062890,-86.7816105,36.1629009,159,0.9,1545,1,
1446062895,-86.78161,36.1628752,159,1,1550,1,
1446062900,-86.7815245,36.1628731,161,1.6,1555,1,
1446062905,-86.7815397,36.1628901,161,0.8,1560,1,H: looks like the next stops are at the intersection of.. fifth turn /A: so that way/H: * fifth and church yea/J: fifth and church still?/H: * so take a left yea/H: down by pucketts restaurant/A: wait a second/J: pucketts is really good/H: and I guess there's a picture of what that intersection used to look like/J: of what? that the/H: intersection of church and fifth up here/J: that maybe that was the area like remember when we looked at the pictures in class/H: yea the ones that were on the stand/J: yea.. that could have been that area not that we ever found anything out about that we just made our own stories up/A: yea
1446062910,-86.7815474,36.1628675,161,1.1,1565,1,
1446062915,-86.7815429,36.1628289,162,0.8,1570,1,
1446062920,-86.7815392,36.1627804,164,0.6,1575,1,
1446062925,-86.7815336,36.1627439,161,0.6,1580,1,
1446062930,-86.7815354,36.1627144,161,0.2,1585,1,
1446062935,-86.7815304,36.1627029,162,0,1590,1,
1446062940,-86.781503,36.1626955,160,0.2,1595,1,
1446062945,-86.7815037,36.1626893,160,0,1600,0,
1446062950,-86.7815037,36.1626893,161,0,1605,0,
1446062955,-86.7815037,36.1626893,161,0,1610,0,
1446062960,-86.7814798,36.1626874,160,0.6,1615,0,
1446062965,-86.7814199,36.1626859,158,0.8,1620,0,H: we can switch back if you/M: yea no just stay on that one yea/H: man this is a bummer/M: yea/A: I feel so rude/J: * playing music/A: * playing music/J: just smile extra big at people/H: here's like something we can actually locate/J: uh school project it's a camera yea/J: we're like zoo animals the music isn't helping/H: yea I know/A: we're drawing attention to ourselves/H: the fact that they're attached to cds just looks funny/H: so there's a marker for fifth avenue of the arts up here on the left
1446062970,-86.78134,36.1626971,160,0.9,1625,1,
1446062975,-86.7813023,36.162709,160,1.4,1630,1,
1446062980,-86.781259,36.1627196,161,0.9,1635,1,
1446062990,-86.7811403,36.1627989,158,1.2,1645,1,
1446062995,-86.7810963,36.1628567,157,0.8,1650,1,
1446063000,-86.7810364,36.1628805,156,1.3,1655,1,
1446063005,-86.7809776,36.1629111,156,1.4,1660,1,
1446063010,-86.7809233,36.1629491,155,1.1,1665,1,
1446063015,-86.7808671,36.1629843,155,1.2,1670,1,
1446063020,-86.7808173,36.1629919,156,1,1675,1,
1446063025,-86.7807583,36.1630058,156,1,1680,1,A: this next one is billy holliday/H: alright/H: so this so this place has good food pucketts/J: hmhm really good and live music /H: good man that smells amazing/J: real southern/J: so did you just move to Nashville/A: * that's the church I was talking about and the car that andrew jackson went to/H: * in july there we go here's a plaque/J: that's the what?/A: the church andrew jackson went to/J: oh cool/A: it's built in the EGYPTIAN style/J: I don't know if that's cool andrew jackson/J: (inaudble) anyone/H: yea
1446063030,-86.7807237,36.1630158,156,1.1,1685,1,
1446063035,-86.7806567,36.1630462,156,1,1690,1,
1446063040,-86.7805891,36.1630715,155,1.2,1695,1,
1446063045,-86.7805276,36.1631041,155,0.9,1700,1,
1446063050,-86.7804624,36.1631345,155,1.4,1705,1,
1446063055,-86.7803921,36.163147,155,1.1,1710,0,
1446063060,-86.7803675,36.1631918,155,1,1715,0,
1446063065,-86.7803197,36.163229,155,1,1720,0,
1446063070,-86.7803174,36.1632566,155,1.1,1725,0,
1446063075,-86.7803229,36.1633142,156,1.1,1730,1,
1446063080,-86.7803264,36.163378,156,1.2,1735,1,
1446063085,-86.7803277,36.1634114,157,0,1740,1,A: inflation prices cause an inflation prices/J: these lights are so pretty at night/A: oh/J: maybe/H: the arcade is right down there right/J: do you think one day they'll have a plaque on jefferson street that said in the whatever year inspired entrepeneurs brought back music to jefferson street..maybe/J: (inaudible)/A: (inaduible)
1446063090,-86.7803352,36.1634213,157,0.5,1745,1,
1446063095,-86.7803352,36.1634213,157,0,1750,1,
1446063100,-86.7803352,36.1634213,158,0,1755,1,
1446063105,-86.7803352,36.1634213,158,0,1760,1,
1446063110,-86.7803423,36.1634451,158,0,1765,1,
1446063115,-86.7803371,36.1634585,157,0,1770,1,
1446063120,-86.7803371,36.1634585,157,0,1775,1,
1446063125,-86.7803371,36.1634585,157,0,1780,1,
1446063130,-86.7803351,36.1634668,157,0.2,1785,1,
1446063135,-86.7803313,36.1635186,156,0,1790,1,
1446063140,-86.7803313,36.1635186,157,0,1795,1,
1446063145,-86.780348,36.1635934,157,0.6,1800,1,A: where we goin next?/J: is the arcade a spot?/H: yea yea we walk up to the arcade/J: ok/J: they're tour is longer than ours/H: yea/H: then we gotta go we got a long way to go/J: sorry/J: there's the arcade/A: yea/H: there's a plaque right here that's part of it/J: nashville sit ins/H: yes!/H: and it looks like a picture of what this street used to look like during
1446063150,-86.7803449,36.1636095,158,0.9,1805,1,
1446063155,-86.7803684,36.1636478,158,0.9,1810,1,
1446063160,-86.7803751,36.1637107,159,0.7,1815,1,
1446063165,-86.780384,36.1637568,160,1.2,1820,1,
1446063170,-86.7804132,36.1637911,159,0.6,1825,1,
1446063175,-86.7804363,36.1638295,159,0,1830,1,
1446063180,-86.7804854,36.1638971,159,1.3,1835,1,
1446063185,-86.7805515,36.1639493,159,1,1840,1,
1446063190,-86.7806191,36.1639946,158,1.2,1845,1,
1446063195,-86.7806644,36.1640334,158,1.1,1850,1,
1446063200,-86.7806853,36.1640655,159,0.6,1855,1,
1446063205,-86.7806857,36.1640706,160,0,1860,1,H: one of the picketing movements I think this is from one side of the street near the arcade here/J: * cool cool/J: I remember reading about diane nash at the gallery/H: yea she's a famous civil rights activist/H: so so that's the newspaper headline that we worked with like with the um protestors actually confronting the mayer/J: * oh/H: starting to make more sense considering the first exercise where we literally had no context whatsoever/J: yea yea
1446063210,-86.7806956,36.1640567,158,0,1865,1,
1446063215,-86.7806956,36.1640567,160,0,1870,1,
1446063220,-86.7806956,36.1640567,161,0,1875,1,
1446063225,-86.7807171,36.1640544,160,0.5,1880,0,
1446063230,-86.780726,36.1640633,159,0.5,1885,0,
1446063235,-86.7807314,36.1640541,158,0.2,1890,0,
1446063240,-86.780721,36.1640374,158,0.2,1895,1,
1446063245,-86.7806979,36.1640141,158,0,1900,1,
1446063250,-86.7806979,36.1640141,159,0,1905,1,
1446063255,-86.7806979,36.1640141,160,0,1910,1,
1446063260,-86.7806438,36.1639633,158,0.3,1915,1,
1446063265,-86.7805924,36.1639154,157,0.6,1920,1,J: I remem I still think that was rand/A: they um maggie and allie were with you/J: so the arcade literally an arcade or?/A: * right there/A: it's not like a video arcade like an arcade as in an open place to do things/J: * oh/H: * shop and eat yea/A: arcade in the roman sense/H: it's alright/J: hmm missed that one/A: I'm sure if you asked he would love to tell you all about it/J: yea I wanna talk to him more/J: so where's our next spot at/H: here's a picture of the exterior of/J: that building could that be that shopping no
1446063270,-86.780549,36.1638977,157,0.9,1925,1,
1446063275,-86.7805149,36.1638968,157,0.2,1930,1,
1446063280,-86.7805149,36.1638968,158,0,1935,1,
1446063285,-86.7805149,36.1638968,157,0,1940,1,
1446063290,-86.7805149,36.1638968,158,0,1945,1,
1446063295,-86.7805149,36.1638968,158,0,1950,1,
1446063300,-86.7805149,36.1638968,159,0,1955,1,
1446063305,-86.7805149,36.1638968,158,0,1960,1,
1446063310,-86.7805149,36.1638968,159,0,1965,1,
1446063315,-86.7805149,36.1638968,159,0,1970,1,
1446063320,-86.7805149,36.1638968,159,0,1975,1,
1446063325,-86.7805149,36.1638968,160,0,1980,1,J: ooo I'm so sorry!/H: this gallery here.. oh yeah it's this building they're looking at/J: (laughing) ok what of it? the text might say/A: (laughing)/H: I'm guessing this is yea also maybe a location where they/J: * a sit in/H: did staged a sit in yea.. looks like this used to be a restaurant cuz here's uh picture of people in the act of and then here is the next one which I'm assuming is here is the present day like where it used to be/J: * oh/A: yea should we read the other side/H: and we're going throught he arcade/A: oh we're going through the arcade/J: oh! it's continued there's a we missed a whole pass of it/A: we missed the beginning?/J: hi good how are you
1446063330,-86.7805149,36.1638968,160,0,1985,1,
1446063335,-86.7805312,36.1639117,161,0.2,1990,1,
1446063340,-86.7805502,36.1639035,159,0.4,1995,1,
1446063345,-86.7805854,36.1639161,158,0.4,2000,1,
1446063350,-86.7805971,36.1639077,156,0.2,2005,1,
1446063355,-86.7805907,36.1639083,156,0,2010,1,
1446063360,-86.7805883,36.1639347,157,0.6,2015,1,
1446063365,-86.780574,36.1639915,158,0.5,2020,1,
1446063370,-86.780589,36.1640073,157,0.3,2025,1,
1446063375,-86.780633,36.1640417,156,0.7,2030,1,
1446063380,-86.7806686,36.1640414,155,0,2035,1,
1446063385,-86.7806686,36.1640414,156,0,2040,1,H: here's the next photo of like at the walgreens/J: that's modern day so/H: and then yea I'm assuming this is in the arcade/J: ok and then what's that sign say?/H: fountain closed public (inaudible)/J: oh I thought it was going to say something about like who was allowed there/H: * like where they put the restaurant yea/J: I can kind of picture it right here/H: yea/J: I had no idea this was here/A: oh yea/H: and picture of their march in silence to the courthouse/J: where diane nash/H: confronted the mayor/J: yes! it's all really coming together/A: (laughing)/H: so our next stop is at on 4th avenue.. no excuse me on union street
1446063390,-86.7806686,36.1640414,156,0,2045,1,
1446063395,-86.7806686,36.1640414,156,0,2050,1,
1446063400,-86.7806686,36.1640414,156,0,2055,1,
1446063405,-86.780644,36.164042,156,0.2,2060,1,
1446063410,-86.7805586,36.1640805,157,1.5,2065,1,
1446063415,-86.7804281,36.1641574,156,1.1,2070,1,
1446063420,-86.7803171,36.1642222,156,0.5,2075,1,
1446063425,-86.7802468,36.1642236,157,0.9,2080,1,
1446063430,-86.7801999,36.1642262,157,0.7,2085,1,
1446063435,-86.7801889,36.1642548,157,0.5,2090,1,
1446063440,-86.7802385,36.1643024,156,0.8,2095,1,
1446063445,-86.7802093,36.1643182,156,0.2,2100,1,J: it's cool in here.. hi it's ok yea we are doing a project we go to vanderbilt/J: I know and it's on a patsy cline cd just to give me a ya know little extra touch/J: oh greek food/A: * post office/H: * and once we get there we have like a good audio recording/J: hmm?/A: post office/J: oh/J: * uh oh that looks vintage/A: * now that they took away my/A: now that they took away my mailbox at school I love post offices.. like I get so excited at the idea of having my own mailbox/J: * hmhm/J: how far are we from the library now?/H: not terribly far but we've gone a few blocks
1446063450,-86.7801698,36.1643475,156,0.2,2105,1,
1446063460,-86.7799833,36.1645824,155,1.4,2115,1,
1446063465,-86.779913,36.1645924,155,1.2,2120,1,
1446063470,-86.7798908,36.164615,154,1.5,2125,1,
1446063475,-86.7798544,36.1646335,155,0.2,2130,1,
1446063480,-86.7798325,36.1645733,155,0.6,2135,1,
1446063485,-86.7797908,36.1645293,153,1,2140,1,
1446063490,-86.7796987,36.1644912,153,1,2145,1,
1446063495,-86.7795897,36.164603,152,1.5,2150,1,
1446063500,-86.7794714,36.1646942,152,0.6,2155,1,
1446063505,-86.7794179,36.164708,153,0.5,2160,1,H: now I think we we need to go left/J: * this is really far/H: it's this up here/J: I got to get out more this is cool/H: kind of looks like right/J: hmhm sure
1446063510,-86.7794321,36.1647282,153,0.8,2165,1,
1446063515,-86.7794747,36.1647528,153,0.8,2170,1,
1446063520,-86.7795174,36.1647854,153,0.7,2175,1,
1446063525,-86.7795516,36.1648232,153,0.9,2180,1,
1446063530,-86.7796326,36.1648597,153,1.4,2185,1,
1446063535,-86.7796581,36.1649162,153,1.3,2190,1,
1446063540,-86.7796793,36.1649735,154,0.9,2195,1,
1446063545,-86.7797032,36.1650241,155,0.7,2200,1,
1446063550,-86.7797209,36.1650001,154,0.2,2205,1,
1446063555,-86.7797209,36.1650001,154,0,2210,1,
1446063560,-86.7797171,36.1649766,154,0,2215,1,
1446063565,-86.7796959,36.165003,154,1.3,2220,1,H: * and I/A: * heading towards city hall/H: I think we are tracing the route they walked/H: (inaudible) marker/J: was andrew jackson he was from nashville?.. from tennesee/A: * he his plantation is thirty minutes outside of downtown..we get in for free with our student id/H: * from around nashville/J: oh.. what's it called/A: hermitage/A: * we get in for free with out student id/H: * the hermitage close/H: no way you get in for free?/J: um my moms trying to go there she reminds/A: yea they have a tulip festival in the spring that I realy like to go to and all the like curators and tour guides dress up in period costumes/J: * oh/H: * oh man
1446063570,-86.7796672,36.1650292,152,1,2225,1,
1446063575,-86.7796264,36.1650441,153,1,2230,1,
1446063580,-86.7795564,36.1650919,153,2.1,2235,1,
1446063585,-86.7794963,36.1651738,153,1.2,2240,1,
1446063590,-86.7794251,36.1652347,153,1.4,2245,1,
1446063595,-86.7793686,36.1652755,153,1.3,2250,1,
1446063600,-86.7793116,36.1653034,153,1.5,2255,1,
1446063605,-86.779262,36.1653045,152,1,2260,1,
1446063610,-86.7792089,36.1653136,151,1.1,2265,1,
1446063615,-86.7791493,36.1653482,151,0.7,2270,1,
1446063620,-86.7790969,36.1653101,151,0.5,2275,1,
1446063625,-86.7790423,36.1653232,151,0.9,2280,1,J: not that into that/H: it's all like very ninteenth century/A: yea um when I went with my parents they said it's one of the best preserved presidential homes because it was turned into a museum within one generation of andrew jackson's death/H: holy cow/J: oh my god/A: so it's like exactly like he lived in it/J: * no one/H: so like before monticello even like yea it's crazy/A: yea/J: that was washington I've been there/A: though jeffersons was donated like immediately after his death or museum/J: there's the courthouse/A: will the circle be unbroken.. staples singers/J: you think they sang while they walked.. probably/A: well it was a silent march/J: oh well then probably not/A: oh/H: wait a minute here we go there's a recording/A: oh/H: which I think was meant to correlate crossing over there make sure volume's turned up
1446063630,-86.7789816,36.1653286,150,1.1,2285,1,
1446063635,-86.7789344,36.1653591,150,1,2290,1,
1446063640,-86.7788858,36.165407,149,1,2295,1,
1446063645,-86.7788339,36.1654334,148,0.9,2300,1,
1446063650,-86.7787888,36.1654475,148,1,2305,1,
1446063655,-86.7787523,36.1654752,147,0.8,2310,0,
1446063660,-86.7787252,36.165481,147,0.8,2315,0,
1446063665,-86.7786889,36.1655012,147,1,2320,0,
1446063670,-86.7786981,36.1655177,147,0,2325,0,
1446063675,-86.7786981,36.1655177,147,0,2330,0,
1446063680,-86.7786981,36.1655177,147,0,2335,0,
1446063685,-86.7786981,36.1655177,147,0,2340,0,H: about the silent march/H: alright.. so I think we're goin over the next few stops are up here/J: like are we going to the courthouse no/H: it's all right here still/A: would that would that be the attorney generals office that we read about on the thing
1446063690,-86.7786981,36.1655177,147,0,2345,0,
1446063695,-86.7786981,36.1655177,147,0,2350,0,
1446063700,-86.7786981,36.1655177,147,0,2355,0,
1446063705,-86.7786981,36.1655177,147,0,2360,0,
1446063710,-86.7786981,36.1655177,147,0,2365,0,
1446063715,-86.7786981,36.1655177,147,0,2370,0,
1446063720,-86.7786981,36.1655177,147,0,2375,0,
1446063725,-86.7786981,36.1655177,147,0,2380,0,
1446063730,-86.7786981,36.1655177,147,0,2385,0,
1446063735,-86.7786981,36.1655177,147,0,2390,0,
1446063740,-86.7786981,36.1655177,147,0,2395,0,
1446063745,-86.7786981,36.1655177,147,0,2400,0,H: well looks like yea the site of the bombing/H: so we're a little further than that uh/J: the attorney general?/A: hmhm
1446063750,-86.7786981,36.1655177,147,0,2405,0,
1446063755,-86.7786981,36.1655177,147,0,2410,0,
1446063760,-86.7786981,36.1655177,147,0,2415,0,
1446063765,-86.7786981,36.1655177,147,0,2420,0,
1446063770,-86.7786981,36.1655177,147,0,2425,0,
1446063775,-86.7786981,36.1655177,147,0,2430,0,
1446063780,-86.7786981,36.1655177,147,0,2435,0,
1446063785,-86.7786981,36.1655177,147,0,2440,0,
1446063790,-86.7786981,36.1655177,147,0,2445,0,
1446063795,-86.7786981,36.1655177,147,0,2450,0,
1446063800,-86.7786981,36.1655177,147,0,2455,0,
1446063805,-86.7786981,36.1655177,147,0,2460,0,H: so I guess the bombing took place back there it was it was at his office that where it happened/J: hmhm/J: soo/H: so it looks like the next stop is like in the someone took a picture /J: should we cross that way?/H: sure/A: yea oh nope we can't anymore/H: video in front of the courthouse/J: * nevermind
1446063810,-86.7786981,36.1655177,147,0,2465,0,
1446063815,-86.7786981,36.1655177,147,0,2470,0,
1446063820,-86.7786981,36.1655177,147,0,2475,0,
1446063825,-86.7786981,36.1655177,147,0,2480,0,
1446063830,-86.7786981,36.1655177,147,0,2485,0,
1446063835,-86.7786981,36.1655177,147,0,2490,0,
1446063840,-86.778674,36.1655286,146,0.2,2495,0,
1446063845,-86.7786785,36.1655237,146,0.2,2500,0,
1446063850,-86.7786721,36.1655327,146,0,2505,0,
1446063855,-86.7786721,36.1655327,146,0,2510,0,
1446063860,-86.7786721,36.1655327,146,0,2515,0,
1446063865,-86.7786721,36.1655327,146,0,2520,1,A: I wonder if they're having the same technical difficulties we are/J: I hope not/H: here's the actual picture of looks like the confrontation which I'm guessing happened right over there/J: on the (inaudible)/J: is this where they have live on the green/A: yep/H: yea..you didn't go/J: I win it just looks different in the day time.. and they have food trucks and everything's closed down/H: * yea it's crazy/J: and the stage is kinda/A: * looks like there is uh still a stage up there/H: yea they're doing something there like there must be some other event happening/A: I took a good double decker bus tour of nashville and it told me that is the cheapest place to park on weekends
1446063870,-86.7786721,36.1655327,145,0,2525,1,
1446063875,-86.7786721,36.1655327,145,0,2530,1,
1446063880,-86.7786721,36.1655327,146,0,2535,1,
1446063885,-86.7786721,36.1655327,146,0,2540,1,
1446063890,-86.7786721,36.1655327,145,0,2545,1,
1446063895,-86.7786721,36.1655327,145,0,2550,1,
1446063900,-86.7786721,36.1655327,146,0,2555,1,
1446063905,-86.7786721,36.1655327,146,0,2560,1,
1446063910,-86.7786721,36.1655327,146,0,2565,1,
1446063915,-86.7786732,36.1655829,146,1.4,2570,1,
1446063920,-86.7786926,36.1656331,146,1.2,2575,1,
1446063925,-86.7787093,36.1656759,146,0.9,2580,1,H: * the public square garage?/J: * court hotel/A: yea/J: good to know/H: that is good to know/J: oh god not that good to know/H: yall wanna cross here/J: printers ally's right down there/A: like down there to the right a bit/H: there's a plaque on the courthouse we could go check it out/J: oh no not again!/H: let's just go/J: grumpy's bail bonds that's funny/J: oh!/A: oh!/H: there's a bus coming/A: yea/J: woah! /A: slow down/J: thank you/H: oh we can't go thanks bus guy
1446063930,-86.7787233,36.1656871,146,0,2585,1,
1446063935,-86.7787233,36.1656871,146,0,2590,1,
1446063940,-86.7787233,36.1656871,147,0,2595,1,
1446063945,-86.7787233,36.1656871,147,0,2600,1,
1446063950,-86.7787075,36.1657029,147,1.5,2605,1,
1446063955,-86.7786348,36.1657469,147,1.5,2610,1,
1446063960,-86.7786009,36.1657956,146,1.2,2615,1,
1446063965,-86.778607,36.1657968,147,0.3,2620,1,
1446063970,-86.7785843,36.1658558,148,1.5,2625,1,
1446063975,-86.7785614,36.1659229,148,1.6,2630,1,
1446063980,-86.7785739,36.1659724,148,1.4,2635,1,
1446063985,-86.7785847,36.166011,148,0.9,2640,1,H: we gotta look out for a plaque I think it's on the exterior up there/J: ok/A: I see it!/H: you see it Ally/A: yea it's in the middle/H: alright
1446063990,-86.7785954,36.1660332,148,1.2,2645,1,
1446063995,-86.77858,36.1660765,148,1,2650,1,
1446064000,-86.7785257,36.1661027,148,1.1,2655,1,
1446064005,-86.778494,36.1661427,148,0.9,2660,1,
1446064010,-86.778466,36.1661887,148,1.1,2665,1,
1446064015,-86.778403,36.166229,148,1.1,2670,1,
1446064020,-86.7783398,36.1662582,148,1.1,2675,1,
1446064025,-86.7782814,36.1662957,148,1.4,2680,1,
1446064030,-86.7782342,36.166342,147,1.6,2685,0,
1446064035,-86.7782598,36.1663945,147,1,2690,0,
1446064040,-86.7782674,36.1664316,149,1,2695,0,
1446064045,-86.778253,36.1664868,148,1,2700,0,H: should we like walk around or I don't know are we allowed to walk through here I guess we can/J: I wonder what they're are they taking down or setting up/A: setting up/H: I think they're setting something up it looks like a ceremony cuz of the chairs that are out or maybe a concert I don't know/J: I know/A: maybe something with the symphony/J: those guys look like they could be important/A: do you want to ask them hey are you important/J: no nah
1446064050,-86.7782586,36.1665547,147,1.3,2705,0,
1446064055,-86.7782668,36.1666075,148,0.9,2710,0,
1446064060,-86.7782813,36.1666551,148,1.1,2715,0,
1446064065,-86.7782958,36.1667072,148,1.2,2720,0,
1446064070,-86.7783169,36.1667764,148,1.5,2725,0,
1446064075,-86.7783325,36.1668348,148,1.1,2730,0,
1446064080,-86.7783628,36.1669011,148,1.6,2735,0,
1446064085,-86.7783968,36.1669466,148,1,2740,0,
1446064090,-86.7784346,36.1669973,148,0.9,2745,1,
1446064095,-86.7784638,36.167033,148,0.8,2750,1,
1446064100,-86.7785023,36.1670751,148,0.9,2755,1,
1446064105,-86.7785271,36.167102,149,0,2760,1,H: knowing what we know about what happened on jefferson street I wouldn't call that first sentence to be the most accurate historical statement in the world/J: * yea civility/J: so white people who didn't like desegregation bombed the councilman's house
1446064110,-86.7785293,36.1671063,148,0,2765,1,
1446064115,-86.7785264,36.1671066,149,0.3,2770,1,
1446064120,-86.7785264,36.1671066,150,0,2775,0,
1446064125,-86.7785264,36.1671066,150,0,2780,0,
1446064130,-86.7785264,36.1671066,150,0,2785,0,
1446064135,-86.7785264,36.1671066,150,0,2790,1,
1446064140,-86.7785264,36.1671066,150,0,2795,1,
1446064145,-86.7785264,36.1671066,150,0,2800,1,
1446064150,-86.7785264,36.1671066,149,0,2805,1,
1446064155,-86.7785264,36.1671066,150,0,2810,1,
1446064160,-86.7785264,36.1671066,150,0,2815,1,
1446064165,-86.7785264,36.1671066,149,0,2820,1,A: I think so/J: or office or whatever/H: looks like the next stop is.. davidson county criminal court and jail/A: which is that way right it's like around the building/H: yes/A: we are almost at the end of the playlist/H: and we're almost at the end of the tour to few two more stops/A: what so did they not include the library gallery in their tour at all?/H: good question does does not look like it.. uh maybe we can go back by there considering we didn't have any context with the notes and things
1446064170,-86.7785264,36.1671066,150,0,2825,1,
1446064175,-86.7785264,36.1671066,150,0,2830,1,
1446064180,-86.7785026,36.1671087,148,1,2835,1,
1446064185,-86.7784626,36.1671206,147,1,2840,1,
1446064190,-86.7783915,36.1671331,147,1.2,2845,1,
1446064195,-86.7783333,36.1671548,147,1.2,2850,1,
1446064200,-86.7782724,36.167177,148,1.3,2855,1,
1446064205,-86.7781904,36.1671969,147,1.4,2860,1,
1446064210,-86.7781523,36.1672317,145,0.8,2865,1,
1446064215,-86.7781252,36.1672708,144,1,2870,1,
1446064220,-86.7780736,36.1672952,144,1.1,2875,1,
1446064225,-86.7780161,36.1673155,143,1.1,2880,1,null
1446064230,-86.7779559,36.1673178,143,1.2,2885,1,
1446064235,-86.7778842,36.1673353,142,1.2,2890,1,
1446064240,-86.7778543,36.167402,143,1.6,2895,1,
1446064245,-86.7778795,36.1674598,143,1.1,2900,1,
1446064250,-86.7779197,36.1675032,143,1.1,2905,1,
1446064255,-86.7779503,36.1675557,142,1.5,2910,1,
1446064260,-86.7779689,36.1676024,142,1,2915,1,
1446064265,-86.7779947,36.1676596,143,0.8,2920,1,
1446064270,-86.7780468,36.1676977,143,1.2,2925,1,
1446064275,-86.7781136,36.1676793,143,1.4,2930,1,
1446064280,-86.7781792,36.1676515,144,1.2,2935,1,
1446064285,-86.7782279,36.1676106,144,1.3,2940,1,J: is that it?/H: I can see where these two pictures are here/J: oh/H: come on livetrekker/J: so if I got thrown in jail this is where I would go/A: I think so/H: uh potentially the I'm not sure they like housed people here permanently but maybe/J: I don't know/A: there's normally a temporary jail right next to the courthouse/H: yes I think that's what this is for sure so this is I'm guessing where they threw people like after the sit in movement who they arrested for civil unrest or whatever/J: cool/H: and there's two more text blurbs here but still no dice/J: the first studio society is justice
1446064290,-86.7782774,36.1675802,145,1.2,2945,1,
1446064295,-86.7783309,36.1675467,146,1.4,2950,1,
1446064300,-86.7783865,36.1675184,145,1.4,2955,1,
1446064305,-86.778433,36.1674948,144,1.3,2960,1,
1446064310,-86.7785027,36.1674781,145,1.2,2965,1,
1446064315,-86.7785733,36.1674699,145,1,2970,1,
1446064320,-86.7785969,36.1674612,146,0.8,2975,1,
1446064325,-86.7786296,36.1674589,146,0,2980,0,
1446064330,-86.7786255,36.1674601,146,0,2985,1,
1446064335,-86.7786243,36.1674689,146,0.2,2990,1,
1446064340,-86.7786207,36.1674693,147,0,2995,1,