time,longitude,latitude,altitude_1,speed_1,time_1,music_1,conversation_1
1445456420,-86.7854899,36.1639742,151,0.4,0,0,H: Oh you can read it/M: if you go back and edit livetrekker/H: I'm gonna take a picture of this on livetrekker/A: it's really hard to read because its far away/M: * well maybe we can get a zoomed in picture as well so like do like this kind of picture and then have a thing where there is a little dot then a bubble that expands you know so you can see that church/A: yea yea/H: yea/A: Ok so you'll can see I have a good picture of the church and the sign at the same time with no cars/J: you can't really zoom in that far/M: alright ok alright/L: and if you guys want us to take a picture of you guys and all just let us know and we can take it on that if you want it/M: let's get a group selfie/J: of us?/A: yea true story well that's cool/J: I think we should/M: ok so cool first stop/J: (laughing)/H: let's read it!/A: I knew there would be a marker guys! I'm proud I was right/H: formerly located this side was first church baptist capital hill.. which we thought.. headquarters of the 1960s sit in movement led by reverend kelly miller smith strategy sessions non violent workshops mass meetings victory celebrations and administrative offices were here.. the well disciplined nashville sit ins served as a model for civil rights demonstrations throughout the south/A: Ahh ahh/H: that's uh.. this like thing is a perfect/M: what a great way to start/H: yea
1445456425,-86.7857032,36.1641173,153,0,5,0,
1445456430,-86.7856943,36.1641217,151,0,10,0,
1445456435,-86.7856645,36.1641213,152,0.4,15,0,
1445456440,-86.7856306,36.1641087,153,0,20,0,
1445456445,-86.7856306,36.1641087,153,0,25,0,
1445456450,-86.7856306,36.1641087,153,0,30,0,
1445456455,-86.7856306,36.1641087,153,0,35,0,
1445456460,-86.7856306,36.1641087,153,0,40,0,
1445456465,-86.7856306,36.1641087,153,0,45,0,
1445456470,-86.7855913,36.1641201,153,0.8,50,0,
1445456475,-86.7855913,36.1641201,153,0,55,0,
1445456480,-86.7855896,36.1641137,153,0.3,60,0,J: killin it so far/H: luck of the draw right there/A: proud of us proud of us/H: ok/M: alright so now we're headed back in this direction/H: k/M: and we're gonna stop at the next intersection right and take a picture of the rosa parks sign/H: * and take a picture of the rosa parks yea/H: cool/J: we have a whole entourage/A: so where do we turn next?/M: uhh we are going back the way we came in fact/A: why's it so hot/H: uhh do you wanna/A: yea but like/H: we are going exactly to the public library/M: like the next stop is the library but we are going to add a stop at that intersection/A: ok/M: umm for the rosa parks street name change/A: can I see? thanks/H: that little placard was like such a lucky gem/M: yea definitely/H: AND the fact that that church was still there! but its relocated but its ok its ok/A: right wait dumb phone why is it so hot/H: yea its really hot/M: not sure why it was so lovely yesterday/A: it really was/J: i still think this is pretty lovely/H: it is for nashville/M: yea/J: you guys are just dressed warm
1445456485,-86.7855757,36.1641127,152,0.4,65,0,
1445456490,-86.7855238,36.1641284,152,0,70,0,
1445456495,-86.785459,36.1640912,152,0.9,75,0,
1445456500,-86.7853939,36.16403,153,1.1,80,0,
1445456505,-86.7853404,36.1639793,154,0.6,85,0,
1445456510,-86.7853035,36.1639248,156,1.8,90,0,
1445456515,-86.7852811,36.1638644,156,0.4,95,0,
1445456520,-86.7852665,36.1638581,156,0.7,100,0,
1445456525,-86.7852266,36.1637909,155,0.8,105,0,
1445456530,-86.7851915,36.1637975,156,0.6,110,0,
1445456535,-86.7851486,36.1637296,157,1.8,115,0,
1445456540,-86.7851349,36.1636778,158,0.6,120,0,M: we're just not dressed well for it/H: if we had short sleeves and shorts on it would be/M: well this shirts pretty light but my pants are corduroy so/H: and yea oh yeah that's warm/A: * wait are those the new ones they're cute.. they look good/A: ok yeah so we're going back to church street/M: so what angle do we want to get at this rosa parks sign? to make it artistic/H: super good idea or great question/M: make sure to get the.. the sheraton/L: they know they can take video or pictures on the livetrekker/H: do we want to take video/A: do we need to take video/M: * umm I don't think so/A: * hey there's the rosa parks boulevard sign/H: yea/H: how about with the.. tree in the background/J: with the tree in the back I took a photo class in high school so I'll take this over I think/H: * you take the photo!/A: * do it josh! you got this/H: how do I do like a stop like
1445456545,-86.7851351,36.1635878,159,0.7,125,0,
1445456550,-86.7851174,36.163562,160,1.7,130,0,
1445456555,-86.7851071,36.1635127,160,0.9,135,0,
1445456560,-86.7850723,36.1634668,161,1.1,140,0,
1445456565,-86.7850254,36.1634078,161,1.3,145,0,
1445456570,-86.7849841,36.1633456,161,0.6,150,0,
1445456575,-86.7849673,36.1633211,161,0.7,155,0,
1445456580,-86.7849398,36.163261,162,0.4,160,0,
1445456585,-86.784925,36.1632188,162,2.1,165,0,
1445456590,-86.7849032,36.1631766,163,1.5,170,0,
1445456595,-86.7848571,36.1630925,163,1.3,175,0,
1445456600,-86.7848214,36.1630489,163,1,180,0,H: is there a way that I can on livetrekker like indicate like x like point or no/A: umm/M: umm i don't think so i think we can add that online probably/H: mmk/A: yea that makes sense/M: so I think for now we can just get the/A: i mean you can add text and say something like stop number one or whatever/H: why don't you just/H: jake why don't you try to take it on my phone since it's livetrekker and then we don't have to go back and do any extra/M: yea/J: ok I was I was joking when I said that but I will take the photos/H: * no you're taking it! you volunteered yourself/A: (laughing) well we all took you very seriously/M: well if you took a photography class you're definitely the most qualified for this task/H: try to get that guy in it/J: that guy it's a little too late I'm sorry i messed that one up.. alright I guess this this is where we're going from right here/A: it's really warm!/M: yea it's pretty warm/L: well this summer we did it and it was a one hundred degree day/A: oh gross!/L: it was miserable/A: that would be painful/L: her group didn't find the ice cream our group found the ice cream (laughing)/A: (laughing) that's a good thing/M: I would not hate getting some ice cream at some point team/A: nope
1445456605,-86.7847873,36.1630069,164,1,185,0,
1445456610,-86.7847752,36.1629754,164,0.8,190,0,
1445456615,-86.7847693,36.1629324,164,0.3,195,0,
1445456620,-86.7847693,36.1629324,164,0,200,0,
1445456625,-86.7847693,36.1629324,164,0,205,0,
1445456630,-86.7847693,36.1629324,164,0,210,0,
1445456635,-86.7847727,36.1629388,164,0.4,215,0,
1445456640,-86.7847727,36.1629388,164,0,220,0,
1445456645,-86.7847727,36.1629388,164,0,225,0,
1445456650,-86.7847727,36.1629388,164,0,230,0,
1445456655,-86.7847733,36.1629337,164,0.2,235,0,
1445456660,-86.7847787,36.162939,164,0,240,0,J: there we go/A: last week when we were driving back/M: is the woolworths still like a thing cuz I know there's a woolworths in Ashville north carolina that is not operational as a woolworths but they turned it into an art gallery which is pretty cool.. and they've got a little bit of the lunch counter still there you can order a milkshake/J: let's uh let's cross the street/A: so we have a photo of the rosa parks sign and that's gonna be stop two?/H: yea/A: k/L: where is this?/M: ashville north carolina/L: oh/L: the walgreens is still there but it's like totally modernized/M: like an actual walgreens that we think of/L: right no lunch counter/H: there is a walgreens/L: there is a walgreens still there there's one it's like (inaudible)/H: it's funny that the walgreens/M: should we have crossed the street? at that intersection/A: yep/H: yea/A: yep (laughing)/M: we might want to edit that path on livetrekker so we don't encourage our peers to jaywalk/L: yea (inaudible) the next group run through traffic
1445456665,-86.7847785,36.1629222,164,1.1,245,0,
1445456670,-86.7847572,36.1628764,164,1.9,250,0,
1445456675,-86.7847585,36.1628448,164,0.8,255,0,
1445456680,-86.7847053,36.1628061,164,1.1,260,0,
1445456685,-86.7846679,36.162773,164,1.2,265,0,
1445456690,-86.7846564,36.1627634,164,1.4,270,0,
1445456695,-86.7845636,36.1626853,164,0.8,275,0,
1445456700,-86.7844652,36.1626439,164,0.8,280,0,
1445456705,-86.7844501,36.16261,164,0.6,285,0,
1445456710,-86.78442,36.1625998,164,0.4,290,0,
1445456715,-86.7844145,36.1625454,163,1.1,295,0,
1445456720,-86.7844177,36.1625306,163,0.7,300,0,J: I think THE biggest cultural difference I've found between the north and the south is the way you cross a street/A: is what?/J: * is the way you cross the street/H: * you mean that in the south they actually use intersections and in the north and in like/J: it's just a free for all/A: I've gotten more emails in this last hour than like the last week/H: that is SO true like in new york it's like you just go/J: you just g you go/H: if there's a slight break in the action it's like/J: yea.. a car could be coming at you and it's ok/H: yea exactly/H: ok horn/J: (laughing)/H: jees that's enough/H: we turn here?/M: correct/J: yea
1445456725,-86.7844109,36.1624634,163,1.4,305,0,
1445456730,-86.7843517,36.1623823,163,2.1,310,0,
1445456735,-86.7843406,36.1623703,163,1,315,0,
1445456740,-86.7842763,36.1622902,162,0.6,320,0,
1445456745,-86.7842169,36.1622983,162,0.7,325,0,
1445456750,-86.7841923,36.1622734,161,1.2,330,0,
1445456755,-86.7841466,36.1621916,161,0.9,335,0,
1445456760,-86.7841039,36.1621176,160,0.9,340,0,
1445456765,-86.784061,36.1620868,160,1.2,345,0,
1445456770,-86.7840176,36.1620404,160,1.4,350,0,
1445456775,-86.7839943,36.1620003,159,1.4,355,0,
1445456780,-86.7839428,36.1619282,159,1,360,0,M: so and along the way here we're maybe have a little pop ups like this was maybe a path they would have taken to/H: yea/M: the sit in movement and marches and stuff/A: here should we go ahead and across?/J: do we wanna cross?/A: we might as well/J: * where like what's the landmark that we're looking for now/M: * yea I don't like walking under that kind of stuff/A: the library right? which is on this side of the street/H: * the library right?/J: the library yea/M: yea we can cross/H: ok/A: yea it's a short road we're fine/J: it's a short road (laughing)/H: suggestion all right/A: we're fine/A: what exactly are we doing at the library what are we talking about there/H: just the picture we just needed an example or like somewhere to stop.. in between like the church and the sit in locations/A: * oh that's right.. ok perfect
1445456785,-86.7839162,36.1618706,158,0.7,365,0,
1445456790,-86.7838918,36.1618329,158,1.1,370,0,
1445456795,-86.7838447,36.1617708,158,1.3,375,0,
1445456800,-86.7838156,36.1617309,157,0,380,0,
1445456805,-86.7838045,36.1617217,157,0,385,0,
1445456810,-86.7837732,36.1616837,157,1.2,390,0,
1445456815,-86.7837035,36.1616337,157,0.7,395,0,
1445456820,-86.78367,36.161649,157,0.9,400,0,
1445456825,-86.7836609,36.1616313,157,0.3,405,0,
1445456830,-86.7836577,36.1616396,157,0.9,410,0,
1445456835,-86.783614,36.1616932,157,0.5,415,0,
1445456840,-86.7835548,36.1616819,158,0.7,420,0,H: so in the library we had that picture of um I took a picture of the picture whoops um..this..it says demonstration on church street at present site of nashville public library it's just like a protest demonstration/A: * perfect/H: so it's not like it's just like/A: ok/H: this is what used to be here whatever/H: yea document our brief crossing of the streeet..it's really funny/A: (laughing)/M: is livetrekker go/H: you can see like right where we crossed/A: (laughing)/M: can I have the map/A: yep..next we are going up capitol avenue
1445456845,-86.7834216,36.161696,158,1,425,0,
1445456850,-86.7833159,36.1617667,159,1.2,430,0,
1445456855,-86.7832448,36.1618361,159,1,435,0,
1445456860,-86.7832036,36.1618605,159,1,440,0,
1445456865,-86.7831402,36.1618657,159,0.6,445,0,
1445456870,-86.7830901,36.1618836,158,0.7,450,0,
1445456875,-86.7830403,36.1619074,158,1.2,455,0,
1445456880,-86.7830071,36.1619587,158,1.3,460,0,
1445456885,-86.7829251,36.161984,158,1.2,465,0,
1445456890,-86.7828649,36.1620064,157,1.1,470,0,
1445456895,-86.7828211,36.1619734,157,1.9,475,0,
1445456900,-86.7827225,36.1619921,157,1,480,0,A: which is right there.. so how do we want to frame this picture?/H: um well ok lets look at the other picture/M: yea/J: do we want to cross?/M: yea let's go ahead and cross/H: so this photo is..it's kind of hard to tell oh do you have the map?/M: yea/H: so look on the look on where nashville public library is and look where candyLAND is/H: I think we'll have to stop/H: candyland/M: yep/H: that's right where this place is/A: so like right right here?/H: it's on/A: 7th avenue north and the library/M: yea it's right here right at this corner
1445456905,-86.7827059,36.1620198,156,1,485,0,
1445456910,-86.7826785,36.1620592,157,0,490,0,
1445456915,-86.7826421,36.1620946,157,1.1,495,0,
1445456920,-86.7825619,36.1621223,157,1.8,500,0,
1445456925,-86.7825155,36.1621539,157,1.3,505,0,
1445456930,-86.7824554,36.1621706,157,1,510,0,
1445456935,-86.7824355,36.1621844,157,1.1,515,0,
1445456940,-86.7824055,36.1622726,157,0,520,0,
1445456945,-86.7824612,36.162303,157,0.8,540,0,H: so here/M: yea/H: so it's this building like its/M: * yea so why don't we step back/H: * so maybe we should/M: you could even we could even cross the street and take a picture of that window/H: ok let's do that/M: does that tell a story? that image like/A: * juxtaposing the two/H: * if you put them side by side/M: yea yea cool/H: I think so/M: does that work?/A: so do we need to cross the street?/M: yea we need to/H: * yea just one person does/J: * just one person/M: * yea we can just send one person across the street/A: well we are going to need to to get over to capitol anyway/M: yea I don't like jaywalking/J: are we?/M: so Jake why don't you/J: are we.. are we making a left yea I'll go take the picture/A: (laughing)/M: yea go ahead and snag that and go take a shot and while he's doing that guys we should walk this way so we're not in the picture/A: oh yeah/H: oh we could be in the picture though.. like protesting/A: huh that's interesting they still have (inaudible) on the name of the/J: we could do a panarama/M: they sell what?
1445456985,-86.782472,36.1623425,157,0.3,565,0,
1445456990,-86.7824711,36.1623209,157,0,570,0,
1445456995,-86.7824711,36.1623209,157,0,575,0,
1445457000,-86.7824711,36.1623209,157,0,580,0,
1445457005,-86.7824711,36.1623209,157,0,585,0,
1445457010,-86.78249,36.1623109,157,0.5,590,0,
1445457015,-86.782475,36.1623092,157,0,595,0,
1445457020,-86.7824565,36.1623002,157,0.4,600,0,L: he said you could do a panorama/J: anyone here me?/H: what?/H: oh is that what he asked?/M: umm not particularly but sure/A: up to yall you guys looked at the picture I'm not sure/H: wait what's castKnott is that what that street used to be called?/A: castKnott was a department store /H: oh/A: that started in here and kinda was in southern kentucky and middle tennesee.. but I just think it's cool that the name is still on the building/H: * that's cool.. yea that's cool/A: it's interesting/M: it's not super relevant to our tour but it is very interesting/A: no it's only relevant because my grandma worked at casranot in bowling green kentucky for a number of years/M: * oh yeah/A: that's the only reason I know what it is/M: that's pretty cool.. have you watched the (inaudible)?/H: * its cool though cuz it reflects the/A: no/M: you would like it/A: I bet/M: It's a historical fiction tv show thing about a department store in..it's similar to the UK/A: * oh cool..interesting/A: ok we're going up.. up here right now/A: how far are we going on capital?
1445457025,-86.7824236,36.1622657,158,0.2,605,0,
1445457030,-86.7824048,36.1622445,158,0,610,0,
1445457035,-86.782407,36.1622812,158,0.7,615,0,
1445457040,-86.7824101,36.1623007,157,0.6,620,0,
1445457045,-86.7823816,36.1622829,157,0.5,625,0,
1445457050,-86.7823737,36.1622642,158,0.3,630,0,
1445457055,-86.7824252,36.1622985,157,0.4,635,0,
1445457060,-86.7824296,36.1623018,157,0,640,0,
1445457065,-86.7824248,36.1622879,157,0.3,645,0,
1445457070,-86.782362,36.1622216,157,1.8,650,0,
1445457075,-86.7821735,36.1622321,157,1.9,655,0,
1445457080,-86.7820973,36.1622878,157,0.7,660,0,M: umm not far I see a fence that might indicate that our ally we were going to use is now blocked/H: aww dang/A: yea that'd be a bummer..maybe not/M: this is where we are.. and here is where we are right now/A: right/M: here between here and union I think that's union like I think that this is our ally see that it's blocked with the fence right now/H: we're gonna cross so/M: yea we should just go I/A: we might as well look and maybe not take the livetrekker with us..just in case cuz we don't want it to double back three times/M: * yea that's a good idea yea/H: well let's cross we need a/M: we can get jake's opinion to..ok so we were going to go through this ally we are pretty sure that the ally is that thing with the fence in front of it like to get to/J: ohh right ok
1445457085,-86.7821326,36.1623748,157,0.8,665,0,
1445457090,-86.7821693,36.1624337,157,0.3,670,0,
1445457095,-86.7821693,36.1624337,158,0,675,0,
1445457100,-86.7821591,36.1624462,157,0.3,680,0,
1445457105,-86.7821259,36.1623939,157,1.8,685,0,
1445457110,-86.7820986,36.1623548,156,0.6,690,0,
1445457115,-86.7821111,36.1623765,157,0.3,695,0,
1445457120,-86.7821072,36.1624055,157,0.6,700,0,
1445457125,-86.7821464,36.1623936,157,0,705,0,
1445457130,-86.7821703,36.1624231,157,0.9,710,0,
1445457135,-86.7821531,36.162422,157,0.4,715,0,
1445457140,-86.782102,36.1624188,157,0.2,720,0,H: unless its oh/A: I can't tell/J: I don't I don't think it is/A: it could be a little further up/J: I think it might be a little further up/M: ok we can walk there.. and if we can delete parts of the livetrekker thing to so it's not a big to/A: * yea let's go across the street and give it a shot/H: we can?/M: yea we can delete points on it/H: * really?.. stinky stinky..that's cool I didn't know that/A: * we can what now?/M: yea cuz a couple times I was sitting in my room it would think I had gone all over creation yea/H: * oh that's right you totally me about that or you told the class you told me about that/A: oh yea that's right you can delete points I see/J: I mean this this map is from sixty years ago there is a very good chance that ally's not there I didn't even think about that it's probably not there/H: * right (laughing)/A: well we could just/M: * looks like there is a little gap between the buildings right there?/J: yea/A: we are going to send them some really sketchy places that's fine.. also this is gross/M: yea I don't like that/H: uhh according to google like this
1445457145,-86.7821153,36.1624309,157,0,725,0,
1445457150,-86.7821679,36.1624224,156,0,730,0,
1445457155,-86.7821217,36.1624345,156,0.4,735,0,
1445457160,-86.7820843,36.1624488,156,0.9,740,0,
1445457165,-86.7821166,36.1624954,156,1.4,745,0,
1445457170,-86.7821711,36.1625526,157,0.9,750,0,
1445457175,-86.7822038,36.1625841,157,0.9,755,0,
1445457180,-86.7822203,36.1626541,158,1.3,760,0,
1445457185,-86.7821927,36.1626933,158,0.7,765,0,
1445457190,-86.7822357,36.162731,158,0.7,770,0,
1445457195,-86.7822959,36.1627553,158,0.5,775,0,
1445457200,-86.7823412,36.1627864,159,0.9,780,0,M: oh look/J: yea/M: yea/J: does it go all the way through?/A: yesss! guys the ally it's a real thing/H: DOWN ally!/A: yess!/H: yea sixty year old plus ally/M: it's even indicated as a place people can walk..alright/H: does it/A: I love how excited we just got about an Ally..that happened (laughing).. like/J: (laughing)/H: is there any historical significance about this ally where we should stop and?/M: uh there's this/A: umm wait a second Mae what what was the point of this road like why were we here/M: oh it's not right here it's on the other side /J: are we stopping?/A: it was/M: yea it's right there/A: oh ok perfect/H: that was you're thing right/M: * where his oral history/A: * yea/J: yea it was my thing it was my thing/A: that was on sixth avenue north..so that should be like/M: i wonder if that's now caesars italian restaurant/A: that's kind of what it looks like to be honest/J: please use front door/H: oh
1445457205,-86.7823878,36.1628366,159,1.1,785,0,
1445457210,-86.7824429,36.1629025,159,0.6,790,0,
1445457215,-86.7824861,36.1629741,159,1.2,795,0,
1445457220,-86.7825262,36.1629949,160,0.8,800,0,
1445457225,-86.7825543,36.1629949,160,1.3,805,0,
1445457230,-86.7825526,36.1629474,160,0.8,810,0,
1445457235,-86.782517,36.1629285,160,0.3,815,0,
1445457240,-86.7825068,36.1629294,160,0,820,0,
1445457245,-86.7824608,36.1629484,160,0.4,825,0,
1445457250,-86.7824157,36.1629675,160,1,830,0,
1445457255,-86.7823411,36.1630116,160,0.9,835,0,
1445457260,-86.7822714,36.1630654,159,0.9,840,0,A: it smells like poop/M: uh it smells amazing I just want some fried chicken so bad right now..some fried pickles/M: * I'm so hungry/J: i could definitely I could go for this..stop the tour here/A: yea this is where it was.. if the map is accurate/M: hey wait we can take a picture of this sign with no public restrooms/J: here/M: that's kind of funny actually/A: (laughing) that is funny/H: what is it?/M: they've got a sign about no public restrooms/M: wow it smells so good/H: so it's this this is the restaurant/M: yea/A: yea this is where it was cuz it was right on the other side of the ally/J: I mean I think so yea/M: yea/A: that's what it looks like/J: see if anything's the same/A: hmm it's so funny that still exists!/H: was it 221..i guess the address might have changed/J: I mean it makes sense that it would still be a restaurant/A: yea it was 221/H: they said what? it says it's still a restaurant/L: what still exists?/M: so umm jake one of his oral histories was about a sit in at a restaurant that was right at this location and it was different name different owners/A: * it was 221 so this is you can take a picture of the number yea/J: * what?.. it makes sense that it would still be a restaurant so they would try and use the space in the same way/L: * oh
1445457265,-86.7822113,36.1631339,159,1.3,845,0,
1445457270,-86.7821145,36.1632273,159,1.3,850,0,
1445457275,-86.7820531,36.1632851,159,0.8,855,0,
1445457280,-86.7819714,36.163329,158,1.2,860,0,
1445457285,-86.7819512,36.1633621,159,0.8,865,0,
1445457290,-86.7819309,36.1633661,159,0.4,870,0,
1445457295,-86.7818615,36.1633841,159,0.4,875,0,
1445457300,-86.7818133,36.163392,159,0.3,880,0,
1445457305,-86.7817924,36.1633883,159,0,885,0,
1445457310,-86.7817769,36.1633769,159,0.2,890,0,
1445457315,-86.7817467,36.1633806,159,0.3,895,0,
1445457320,-86.7817211,36.1633749,159,0.2,900,0,M: but it's like still a restaurant in the same building which is kind of cool/L: right funny/A: cross keys restaurant 221/H: yep/M: I feel like we should zoom in a little more cuz I think like the no public restroom sign is kind of.. approppo/H: oh/A: plus getting the number in it would be good cuz the number's on the back/M: those poeple inside are like what are guys doing taking pictures of our restaurant/A: (laughing) and wearing cameras/H: you have no idea!/J: we'll give them a history did you know that this restaurant used to be/A: yea there we go/L: she's here you're good you're good/J: what?/L: oh yeah we wanted to check you're batteries really quick/M: alright so we're going this way/A: yep we're going back down to church street again/A: and then it looks like harvey's was on the corner.. no across the street/M: * that's a cute dress/A: it was across the street/M: so it's not now a subway is what you're saying/A: it is now subway yea/M: oh wow/A: that's sad/M: that's good..way to go Nashville/J: (laughing)
1445457325,-86.7816977,36.1633597,159,0.4,905,0,
1445457330,-86.7817607,36.1633523,159,0.5,910,0,
1445457335,-86.781772,36.1633259,159,0.3,915,0,
1445457340,-86.781772,36.1633259,159,0.3,920,0,
1445457345,-86.7817892,36.1633254,159,0.7,925,0,
1445457350,-86.7817746,36.163326,159,0.7,930,0,
1445457355,-86.7816668,36.1633455,159,0,935,0,
1445457360,-86.7816081,36.1633394,159,1.5,940,0,
1445457365,-86.7815265,36.1632933,159,1.9,945,0,
1445457370,-86.7815526,36.163282,159,0.3,950,0,
1445457375,-86.7815766,36.1632582,159,0.9,955,0,
1445457380,-86.7815547,36.1632157,158,1.3,960,0,A: but it looks like the kind of building that would have been a department store/M: yea..maybe we should maybe we should photograph this one from this far away so you can see  you know that the.. has now been subdivided/J: * yea I know what you mean/A: * here/J: * yea/A: yea do you want to grab a picture of the building from here/H: yea I think you guys have a better view or like mental image/A: I think that's where it was..that looks right from here/M: ok so then we would talk about it how it's like/A: cuz this is 6th yep so it would have been and we just came from this direction so that would have been harvey's right there/M: * yea/H: hmhm/M: yea cuz then you can see it was one building and it used to be all one thing and now it's been subdivided into different stores/A: * this is weird/H: * hmhm multiple/M: yea/M: ok/A: good/M: yea and then/H: but there's a couple around the corner here/M: a block to the left yea there's more/A: * yep yep we are going to the corner and then down.. just straight down church street/H: * I want more placards/A: * and then we're gonna we might as well stay on this side of the road because we're gonna turn left on the next block/M: yea/H: this was a site
1445457385,-86.7815469,36.1631568,158,0.9,965,0,
1445457390,-86.7815598,36.1631213,158,0.7,970,0,
1445457395,-86.7815611,36.1631093,158,0,975,0,
1445457400,-86.7815611,36.1631093,159,0,980,0,
1445457405,-86.7815611,36.1631093,158,0,985,0,
1445457410,-86.7815611,36.1631093,158,0,990,0,
1445457415,-86.7815611,36.1631093,158,0,995,0,
1445457420,-86.7815611,36.1631093,158,0,1000,0,
1445457425,-86.7815637,36.1630604,158,0.5,1005,0,
1445457430,-86.781555,36.1630404,158,0.8,1010,0,
1445457435,-86.781532,36.162972,158,1.3,1015,0,
1445457440,-86.781537,36.1629015,157,1.3,1020,0,M: it looks like there's apartments in there now/A: yea it kind of does/H: it what?/M: it looks like they turned it into departments/H: * oh they turned it into departments/J: uh huh/A: that's weird/M: that is weird/A: that's really strange/H: can we go? I can't really yea it's green/A: can we cross I can't see?/A: that's so sad.. in a way.. you know?/M: yea/M: and here 530 church street/A: yea/H: day spa tacular!/J: what's this one?/M: this is the same thing/J: oh it hasn't changed/A: corner stone square/M: I just thought I just yea no this is the same stop but I just thought it was cool that they still have the original building markers right/A: * 530 church street/J: yea/H: do we want to take a picture of that just to have?/A: sure/M: suuure/H: which one church or corner stone square?
1445457445,-86.7815294,36.1628493,157,0.8,1025,0,
1445457450,-86.7814969,36.1628237,157,0.7,1030,0,
1445457455,-86.7814648,36.1627945,157,1.1,1035,0,
1445457460,-86.7814534,36.1627636,156,0.5,1040,0,
1445457465,-86.78146,36.1627827,156,0.7,1045,0,
1445457470,-86.7814336,36.1627917,156,0,1050,0,
1445457475,-86.7814923,36.1627473,157,0.7,1055,0,
1445457480,-86.7813751,36.1627821,157,0.8,1060,0,
1445457485,-86.7813089,36.1628048,157,0.3,1065,0,
1445457490,-86.7812986,36.1627939,157,0,1070,0,
1445457495,-86.7812986,36.1627939,157,0,1075,0,
1445457500,-86.7812986,36.1627939,157,0,1080,0,H: uhh that has the date that's kind of cool/A: yea that has that's good/M: yea/J: I could go for a taco/M: and actually i think /A: cain sloan is right there/M: yea yea I could destroy a taco right now/A: * right?/H: down for tacos (laughing)/J: yea I could definitely go for a taco/A: cuz what's the next/H: what is this?/A: is cain sloan on fifth?/M: umm yea cain sloan is at the corner of fifth and church/A: ok/H: it's crazy like.. that those like the sit ins and stuff were there and now it's just like/A: right!/J: taco shops and spas and/H: * just tacos and there's no history and you would never know/J: you'd never know/H: like the same with the pancake pantry like you go in there and it's like an old cool like/A: and it's not even like castranot where there's the name of the building on it/M: * woah it smells amazing right now!/A: * woah geez/H: * huh
1445457505,-86.7812682,36.1627664,158,0.4,1085,0,
1445457510,-86.7812589,36.1627778,158,0,1090,0,
1445457515,-86.7812495,36.1627875,157,0.8,1095,0,
1445457520,-86.7812096,36.1628143,157,0.7,1100,0,
1445457525,-86.7811649,36.1628543,157,0.8,1105,0,
1445457530,-86.7811088,36.1628861,157,1.2,1110,0,
1445457535,-86.7810353,36.1629175,157,1.2,1115,0,
1445457540,-86.7809895,36.1629265,158,0.7,1120,0,
1445457545,-86.7809768,36.1629264,157,1.3,1125,0,
1445457550,-86.7809139,36.1629559,157,1.4,1130,0,
1445457555,-86.7808395,36.1629769,158,0.6,1135,0,
1445457560,-86.7807791,36.1629743,158,1.9,1140,0,A: they're going to watch these go pros later and be like man those kids were really hungry today (laughing)/M: I have some snacks/A: we've talked about food like the entire walk/H: the whole trip/J: smells great/H: it smells amazing/A: is this where pucketts is now?/M: uh I guess?/H: wasn't one like on this corner?/A: * yea this was this was cain sloan/M: * yea this is cain sloan/H: ohh/M: and I think this would be like the main entrance for the department store.. probably/A: * yea/J: this would be what?/M: so this was the site of a department store once upon a time called cain sloan which experienced sit ins and I would imagine that would be the main entrance/J: * yea/A: does it have an uh/H: address?/A: that's what I was looking/M: also that's a beautiful church/M: I'll look on the other side of the building though/A: no it doesn't.. not on church street but that looks like 510 so it would make sense if this was 500
1445457565,-86.7807643,36.1629701,158,1.3,1145,0,
1445457570,-86.780655,36.1629755,158,1.4,1150,0,
1445457575,-86.7805695,36.1630127,158,1.3,1155,0,
1445457580,-86.7804966,36.1630354,158,1.1,1160,0,
1445457585,-86.7804635,36.1630378,157,0.8,1165,0,
1445457590,-86.7804387,36.163064,157,0.4,1170,0,
1445457595,-86.7804662,36.1630508,158,0,1175,0,
1445457600,-86.780475,36.1630438,158,0.2,1180,0,
1445457605,-86.7804832,36.1630464,158,0,1185,0,
1445457610,-86.7804832,36.1630464,158,0,1190,0,
1445457615,-86.7804832,36.1630464,158,0,1195,0,
1445457620,-86.7804832,36.1630464,157,0,1200,0,H: wait where?/A: right here is what we're looking at/H: doesn't that say two oh three/A: um on this on the other around the corner yea do you want to go around the corner and look/H: yea..wait we lost a member/A: I was say where did jake go?/M: so I was looking on the other side of the building see if there's something cool to photograph and there isn't but there is an interesting quote on that church sign/A: (laughing) I like it/H: * I think we should take the picture from this angle/M: * seems to resonate a little bit/A: yea/H: cuz this is cool like this/M: * maybe from across the street you'd get a better view of it/H: yea yea that's what I mean like from the side/A: ok/M: maybe from like right there/A: oh this is where the lights are I know where I am now I literally know this street is the place where the lights are but it's fine
1445457625,-86.7804832,36.1630464,157,0,1205,0,
1445457630,-86.7804832,36.1630464,157,0,1210,0,
1445457635,-86.7804738,36.1630668,157,0.4,1215,0,
1445457640,-86.7804119,36.1630797,157,1.1,1220,0,
1445457645,-86.7803474,36.1630792,158,0.4,1225,0,
1445457650,-86.7803226,36.16306,158,0.2,1230,0,
1445457655,-86.7802352,36.1630123,158,0.4,1235,0,
1445457660,-86.7801918,36.1630158,158,0.4,1240,0,
1445457665,-86.780141,36.1630696,158,1.3,1245,0,
1445457670,-86.7800857,36.1630687,158,0.3,1250,0,
1445457675,-86.7800617,36.1630576,158,0.4,1255,0,
1445457680,-86.780084,36.163089,158,1.1,1260,0,M: so Hallie I think if you just go to that corner across there and take a picture/A: there's not.. creeping yea no there's not like um an address listed on the window or anyting/M: * yea/M: we should hide get a picture/A: we should oh picture/M: they have cool old stuff here/A: yea pucketts is supposed to be really good but I've never been/A: this doesn't look weird at all/M: no not at all/L: (inaudible) what did you /A: this building right here which was cain sloan department store/L: oh ok/A: now one of the restaurants in nashville everybody talks about
1445457685,-86.7800769,36.1631273,158,0.6,1265,0,
1445457690,-86.7800776,36.1631369,158,0.2,1270,0,
1445457695,-86.7801049,36.1631602,158,0.3,1275,0,
1445457700,-86.7801533,36.1631596,158,0.9,1280,0,
1445457705,-86.7801655,36.1631519,158,0,1285,0,
1445457710,-86.7801655,36.1631519,158,0,1290,0,
1445457715,-86.7801452,36.16313,158,1,1295,0,
1445457720,-86.7801104,36.163138,158,0,1300,0,
1445457725,-86.7801104,36.163138,158,0,1305,0,
1445457730,-86.7801084,36.1631727,158,0.2,1310,0,
1445457735,-86.7801106,36.1631811,158,1.2,1315,0,
1445457740,-86.7801396,36.1632294,158,0.6,1320,0,A: ok/M: hey you guys there's a sign/J: woot/M: a marker/A: oh look a plaque/J: that's not the walgreens is it?/M: yea that's the walgreens/J: that's the walgreens that's funny/A: hey that's us!/J: that's us/A: just kidding but that's what we're looking for/M: yea/H: that thing is playing music it's like the randomest like box in the middle of nowhere/A: what/H: * it's like/A: * what box oh the box with the music note on it/H: * yea/A: that's awkward/H: I took a video/J: where where is that?/A: good job/H: right on the corner/J: oh/A: that's so interesting/H: and I was like where is this sound coming from/A: yea that's so cool/H: um should we want what does this say/A: * this is a plaque/M: * um so this is a thing/H: should we make a mark here/J: yea sure/M: yea there was another department store right here/H: * and add something about/J: yea/M: here Amy/A: falling over sorry
1445457745,-86.7801423,36.1632395,158,0,1325,0,
1445457750,-86.7801669,36.1632331,158,1.1,1330,0,
1445457755,-86.7802006,36.1631945,158,1,1335,0,
1445457760,-86.7802083,36.1631561,158,0.3,1340,0,
1445457765,-86.7802123,36.1632013,158,0,1345,0,
1445457770,-86.7802453,36.1632673,158,0.4,1350,0,
1445457775,-86.780222,36.163302,158,0.2,1355,0,
1445457780,-86.7802015,36.163327,158,0,1360,0,
1445457785,-86.7801651,36.1633153,159,0,1365,0,
1445457790,-86.7801774,36.1633084,158,0.3,1370,0,
1445457795,-86.7801899,36.1632784,158,0.4,1375,0,
1445457800,-86.7801944,36.1632853,159,0.2,1380,0,M: so we just got cain sloan on the corner and there is the woolworths and mcclellens and walgreens all on this block/A: can I see these numbers/M: yea/A: so that one looks like two twenty one two twenty three/M: yea/A: and then two thirty three?/M: so we should go and walk a little further and see what these are but like this could have been a department store right here.. this building/H: * yea/A: * two twenty three and two thirty three/A: yea it looks like it was all one originally/M: yea.. but so did we get a picture of that/H: yea/M: alright cool/A: alright good/A: so we're looking at like/M: when do we need to be done with this/J: * more tacos/H: walgreens is there/J: yea/M: this is thirteen/A: was that the walgreens that we yea it was/M: yea that's the actual modern walgreens/J: yea/A: yea two twenty four why did we stop/M: um I was looking for the number/A: two thirteen
1445457805,-86.780174,36.1632873,159,0,1385,0,
1445457810,-86.7801339,36.1633308,158,0.4,1390,0,
1445457815,-86.7801347,36.1633561,158,0,1395,0,
1445457820,-86.7801347,36.1633561,158,0,1400,0,
1445457825,-86.7801347,36.1633561,158,0,1405,0,
1445457830,-86.7801347,36.1633561,158,0,1410,0,
1445457835,-86.7801611,36.1633344,158,0.7,1415,0,
1445457840,-86.780211,36.163344,158,0.7,1420,0,
1445457845,-86.7801962,36.1633978,158,1.3,1425,0,
1445457850,-86.780231,36.1634078,158,0.4,1430,0,
1445457855,-86.7802254,36.1634002,158,0,1435,0,
1445457860,-86.7802254,36.1634002,158,0,1440,0,A: so we are looking for like two/M: two twentys/A: yea the x's/M: ok cool/A: like two twenty three or two thirty three/H: a little further/H: have you guys ever done the art crawl the first saturday art crawl/A: * no/J: * no/H: you should/H: are you guys twenty one?/A: nope/J: no/H: oh that's why/A: almost/J: you can/H: no you have to be twenty one because all the art galleries on this street and then in the arcade to give out free wine and drinks and then you go in/M: * this is pretty/J: * right right/H: so you can go in but they won't serve you/A: seventeen nineteen..I never thought about street numbers being so useful/M: very useful/A: cuz frankly I never really use them/M: there's another sign guys/A: hey! two twenty three that was the number/M: * someone already did this/J: there it is/H: ok this is good then/J: so wait we're not walking through the arcade right?/M: no/A: no/H: * no we decided not to do it/A: although I didn't know it was a thing that's kind of interesting/M: * the arcade's super cool but it's not super relevant here ok/J: it looks fun/H: it is cool/A: it looks fun/H: we can walk through it because it's more interesting than walking down union/J: it looks fun/A: two twenty three!/J: oh that looks so fun
1445457865,-86.7802254,36.1634002,158,0,1445,0,
1445457870,-86.7801885,36.1634537,158,0.9,1450,0,
1445457875,-86.7801619,36.1635275,158,0.5,1455,0,
1445457880,-86.7801854,36.1635697,158,0.5,1460,0,
1445457885,-86.7801738,36.1636009,158,0.9,1465,0,
1445457890,-86.7802029,36.1636503,158,1,1470,0,
1445457895,-86.7802616,36.1636998,158,1.2,1475,0,
1445457900,-86.7803251,36.1637141,158,1.8,1480,0,
1445457905,-86.7804589,36.163832,158,1.1,1485,0,
1445457910,-86.7804804,36.1639024,158,1,1490,0,
1445457915,-86.7804788,36.163893,158,0.4,1495,0,
1445457920,-86.7804894,36.1638984,158,0,1500,0,H: woah this is such a cool picture actually/J: * oh that looks so fun/A: and then this would be a good shot of the walgreens also/M: * yea/J: * yea we should get a shot we shoudl get a shot of the walgreens/A: * yea which is relevant.. cuz that's where it was and then mcclellan was another one we talked about which is a little further down.. it's more like two thirty three/M: * yea/H: what does this say?/M: alright so after this we're gonna go either through the arcade or on union street.. what time do we need to be finished with things/L: um I mean we need to be back at the (inaudible) at three forty five/H: we've been doing this for twenty five minutes/A: * we've got time/J: we're we're good/A: * we've got time/M: yea are we good?/J: we we over estimated how far of a walk this is/A: right..cuz even stopping and taking pictures just isn't that long/J: no we've been (inaudible)/M: * yea/A: so..do we/M: * alright do we want to go through the arcade or do we want to go up another half block and take a right on union/A: and do we want to find mcclellans store/M: well if we go up toward union we'll find it as well/A: right
1445457925,-86.7805227,36.1638857,158,0,1505,0,
1445457930,-86.7805616,36.163886,158,0,1510,0,
1445457935,-86.7805616,36.163886,158,0,1515,0,
1445457940,-86.7805616,36.163886,158,0,1520,0,
1445457945,-86.7805616,36.163886,158,0,1525,0,
1445457950,-86.7805616,36.163886,158,0,1530,0,
1445457955,-86.7805616,36.163886,158,0,1535,0,
1445457960,-86.7805616,36.163886,158,0,1540,0,
1445457965,-86.7806139,36.1639036,158,0,1545,0,
1445457970,-86.7806107,36.1638978,158,0,1550,0,
1445457975,-86.7806154,36.1638866,158,0.5,1555,0,
1445457980,-86.7806157,36.1638973,158,0.3,1560,0,H: but I think the arcade's/M: * the arcade's kind of interesting but/J: * if we have a landmark up there then we probably should go up there/A: yea we might as well just go to union/M: yea the arcade's cool but.. not super relevant/A: * it is cool I've never even/J: I've never like is this a common thing /H: * it's it's uh all art galleries upstairs and then inside the arcade are like little businesses so it's worth going in/J: * ok/M: it's two thirty three is that we're looking for?/A: yep that was easy/J: I gotta find some friends who like art/H: just turn twenty one every first saturday/A: so this is where mcclellans was/H: is that the last one on our on our map/A: yep/H: oh so we could go through the arcade yea/A: yea in theory/M: why don't we go ahead and cross through the arcade and then we'll get a better view of the building/H: yes/A: ok/A: is it the same on both sides (laughing)/H: oh.. it's not/M: oh wait you guys we should get a picture from this side so then you can get the walgreens in the background to/H: it's a different/A: yea it's different this actually talks about mcclellans woolworths perfect that's what we needed/M: and did you get it so you can see it's walgreens behind it?/H: yea I did
1445457985,-86.7806149,36.1639065,158,0.5,1565,0,
1445457990,-86.7806262,36.1639313,158,0.5,1570,0,
1445457995,-86.7806242,36.1639682,158,0.8,1575,0,
1445458000,-86.7806552,36.1639841,158,1,1580,0,
1445458005,-86.7806969,36.1639956,158,0.3,1585,0,
1445458010,-86.7806969,36.1639956,158,0,1590,0,
1445458015,-86.7807173,36.1639921,158,0.3,1595,0,
1445458020,-86.7806967,36.1639587,158,0.7,1600,0,
1445458025,-86.7806905,36.1639525,158,0.3,1605,0,
1445458030,-86.7806915,36.1639392,158,1,1610,0,
1445458035,-86.7806106,36.1639597,158,1,1615,0,
1445458040,-86.7806475,36.1639715,158,0.3,1620,0,A: so it's woolworths and mcclellans and we got pictures of both solid let's roll/M: * then we're gonna go through the arcade right hur/J: that's sign probably been there for a long time/A: * this is so interesting/M: * yea/H: so we want to take a picture of this building but/J: that sign's definitely been there for a long time/M: * we should get a picture of that sign/J: yea/H: is there any specific like I guess we can just take a picture of it/A: yea that works for me/M: hey Hallie there's a cool sign that we imagine is pretty old cuz it looks old/J: * let's get a picture of the sign..also never been to frothy monkey (laughing)/M: well just the style it was drawn in was not the really modern advertising style and this used to be a lunch counter so maybe/J: * smells like a barber/H: * we waling through?/M: yep
1445458045,-86.7806868,36.1639798,158,0.3,1625,0,
1445458050,-86.7806999,36.1639533,158,0,1630,0,
1445458055,-86.7806972,36.1639589,158,0.2,1635,0,
1445458060,-86.7807269,36.1639673,158,0.5,1640,0,
1445458065,-86.7808097,36.1639934,159,0.8,1645,0,
1445458070,-86.7808307,36.1639903,158,0.2,1650,0,
1445458075,-86.7808258,36.16399,158,0.2,1655,0,
1445458085,-86.7806487,36.1640762,158,0.3,1665,0,
1445458090,-86.7806531,36.1640701,158,0.6,1670,0,
1445458095,-86.7806767,36.1640316,158,1.2,1675,0,
1445458100,-86.7806248,36.1640798,158,0.9,1680,0,H: but the upstairs is cool like all the balconies and stuff and they're all like little art galleries..it's cool/J: * yea very cool/H: oh there's oh there's a chapel in this like an elvis like a real elvis chapel you know like the get married like elvis there's one in here you'll you guys will see it/M: * yea/J: * yea/M: right here/H: oh here it is! (laughing)/A: ha/H: like look inside/M: every little girls dream right that's exactly where I want to get married/A: that's hilarious/H: but it's like yea it's really funny/A: that's actually hilarious I didn't know that was a real thing that was here/J: * there are like three rows of seats seven people can attend/A: this is so weird/H: anyone want to get spontaneous/A: not that spontaneous today/J: I'd like my wedding to go please/M: Amy you don't want to get married?/A: nah I'm good.. for awhile/M: * I think kevin would probably be pretty mad at you if you married me (laughing)/H: that's a cool weird old/A: hey it's maggies cafe!/M: where? oh/A: right there/H: you kind of feel like you're back in a day like this style of the um like it's kind of/A: * yea this is weird
1445458105,-86.7803488,36.1642097,158,4.1,1685,0,
1445458110,-86.7802622,36.1643141,157,2.4,1690,0,
1445458115,-86.7802766,36.1643113,157,0.5,1695,0,
1445458120,-86.7802655,36.1642831,157,0.6,1700,0,
1445458125,-86.7802534,36.1642647,156,0.4,1705,0,
1445458130,-86.7802383,36.1642427,157,1.1,1710,0,
1445458135,-86.7801807,36.1642407,156,1.1,1715,0,
1445458140,-86.7800837,36.1643239,156,1.6,1720,0,
1445458145,-86.7800249,36.1644089,156,1.6,1725,0,
1445458150,-86.7799821,36.1644265,156,0.8,1730,0,
1445458155,-86.7799701,36.1644321,156,0.4,1735,0,
1445458160,-86.779982,36.1644359,155,0,1740,0,A: yea and I mean this has been here for awhile cuz it's on this map.. I don't know if it looked the same/H: * this is good it's on the walking tour cuz it's you know interesting/J: jimbos sushi/A: well that was fascinating and new.. and new experiences alright/H: * yea that's so funny you guys hadn't been here alright/M: and then we're going up this way right/J: yea now we're just walking/H: so now our last step is the courthouse..right?/A: yep yep so we're gonna get on union street/H: * but in between like starting nowish we would be talking about the march or like music whatever/M: * yea/A: * yes that'd be good/J: all of the interesting things we have to say/M: we gotta figure out how to like divide that up/H: * did we lose our posse oh no we still have them/A: is that what we are calling them now I like it/M: yea they are definitely the posse/H: they're our bodyguards they're just chilling in the back making sure we're ok/M: is this is union.. I think this is union I think we want to cross here/A: yea
1445458165,-86.7799959,36.1644077,155,1.2,1745,0,
1445458170,-86.7800054,36.1644111,155,1.1,1750,0,
1445458175,-86.7799918,36.164421,155,0.4,1755,0,
1445458180,-86.7798883,36.1644285,155,0.4,1760,0,
1445458185,-86.7798198,36.1644403,155,2.4,1765,0,
1445458190,-86.7798222,36.1644443,155,1.6,1770,0,
1445458195,-86.7797506,36.1645541,154,0.7,1775,0,
1445458200,-86.7796954,36.164599,154,0.6,1780,0,
1445458205,-86.7796655,36.1646648,154,1.3,1785,0,
1445458210,-86.7796805,36.1647529,154,1,1790,0,
1445458215,-86.7796975,36.1647959,154,1.3,1795,0,
1445458220,-86.7796875,36.1648703,154,0.8,1800,0,"M: yea? oh it says don't walk should we wait?/J: if it's flashing that means you can go..for a time for a time period/H: no but its flashing/M: * oh crap/H: until it stops flashing (laughing)/L: we lost andy/H: man down (laughing)/J: yea we're going up here right?/A: * yea and then we need to cross here/H: it's flashing (laughing)/L: oh right!/M: and then taking a right?.. right?/A: * alright/H: yea/J: right?.. are we on are we on charlotte? we're on union/M: * I don't have the map amy?/H: * this is..we want to be on union right?/M: yea/A: * yea yea we're on union/J: don't we want to get to charlotte/A: no we want to go down to what street is this third/L: (inaudible)/M: * yea we got a map thanks/A: laughing..I was going to say/L: (inaudible) /A: I was gonna sayhistoric map/J: oh ok so ok/H: wait where are we now oh yea we were gonna walk this way right and then turn on to third/A: * right we're right here/J: * yea so we're gonna we're gonna go this way and then make a left/M: * yea yea/A: ok"
1445458225,-86.7797028,36.1649084,154,1,1805,0,
1445458230,-86.7796317,36.1649611,153,1.6,1810,0,
1445458235,-86.7796,36.1650048,153,0,1815,0,
1445458240,-86.7796395,36.1650363,153,1.5,1820,0,
1445458245,-86.7796738,36.1650795,153,0.5,1825,0,
1445458255,-86.7796549,36.1651442,153,0.8,1835,0,
1445458260,-86.7796749,36.1651698,153,0.5,1840,0,
1445458265,-86.7796938,36.1651643,153,0.5,1845,0,
1445458270,-86.7797307,36.1650998,153,0.5,1850,0,
1445458275,-86.7797497,36.1650877,153,0,1855,0,
1445458280,-86.7797134,36.1650988,153,0.6,1860,0,H: anything important jacksons law office that we want to take a picture of anyone andrew jackson..no but not relevant/M: * I don't think so/A: * that's cool but I think we're good..not exactly no/J: andrew jacksons law office/H: yea exactly interesting for our personal knowledge/A: right it's like castranot/H: it's like what?/A: it's like the department store we saw/H: oh yea exactly/A: like it's fascinating but not relevant to this/H: it's another historic placard up on this corner/A: oo good times/H: it's actually cool having done the history in like whatever preparing for this and then we see the placards and we're like oh we already knew that like you know what I mean like usually the purpose of those is to educate people but we had done like it's cool that we had done the like we went to those places specifically for that purpose and then there's a memorial placard there/A: * right.. right yea.. it definitely is yea.. right/J: * (laughing)/A: the seeing eye was that relevant to us? I don't think so/H: * what the heck/J: maybe/M: what is that placard seeing eye.. worlds/A: hey you want to jay walk and find out
1445458285,-86.7796793,36.1651436,153,1,1865,0,
1445458290,-86.7796295,36.1651688,152,1.4,1870,0,
1445458295,-86.7795587,36.1652259,152,1.8,1875,0,
1445458300,-86.7794937,36.1653004,152,1.5,1880,0,
1445458305,-86.7794178,36.1653197,152,1.2,1885,0,
1445458310,-86.7793327,36.1653432,152,1.2,1890,0,
1445458315,-86.7792447,36.1653401,153,1.4,1895,0,
1445458320,-86.7792049,36.1653771,152,1.1,1900,0,
1445458325,-86.7791838,36.1653847,152,2.5,1905,0,
1445458330,-86.7790521,36.1654756,152,1.6,1910,0,
1445458335,-86.7789942,36.1655286,152,1.1,1915,0,
1445458340,-86.7789418,36.1655669,152,0,1920,0,M: no I can read it from here hold on..seeing eye the world famous dog eye training school nah we don't care/A: * sorry that was mean (laughing)/J: maybe not/H: oh no/A: there's a plaque for that..that's amazing!/M: * courthouse!/A: yea so this is thiirdd I think/M: yea/M: so we should cross and then go up/A: yea cross and turn left/H: grumpy's bail bonds I love that/A: oh that's a real place and not just a billboard interesting/J: oh there it is wow/H: * the map makes these places look much further apart/M: yes/A: yea it does.. it's also from the nineteen sixtys guys we can't have two (inaudible) for it/M: well maybe that's like purposeful to make people think nashville's big and cool/H: * so huge/A: yea probably.. in a way/A: in case you wondered there was a dog seeing eye dog training school over there that's why there's a plaque/M: seems like not a super relevant thing for a plaque you know there are much more historical things/A: * things you didn't know/H: and then there's the sit ins plaque it's like/A: I know I was really confused!
1445458345,-86.7789334,36.1656194,152,1,1925,0,
1445458350,-86.778879,36.1656641,152,1.2,1930,0,
1445458355,-86.7788114,36.1656717,152,1.3,1935,0,
1445458360,-86.7787459,36.1656926,152,1.1,1940,0,
1445458365,-86.7787104,36.1656986,152,0.3,1945,0,
1445458370,-86.7786988,36.1656976,152,0.2,1950,0,
1445458375,-86.778693,36.1656614,152,0.2,1955,0,
1445458380,-86.778693,36.1656614,152,0,1960,0,
1445458385,-86.778693,36.1656614,152,0,1965,0,
1445458390,-86.778693,36.1656614,152,0,1970,0,
1445458395,-86.778693,36.1656614,152,0,1975,0,
1445458400,-86.778693,36.1656614,152,0,1980,0,A: we were all like the seeing eye/M: so we can so the courthouse is pretty/H: we wanna take it from like this from over here like this angle the picture/A: um we can get in front of/M: maybe there would be prettier/H: * actually yea from over there/A: yea like at that corner that would be good/A: is it bad that I only know this area because of live on the green?/M: no/A: cuz that's where it is right here/M: yea/J: yea that's how I know it/M: another option would be do we have a picture from that um.. event on the courthouse steps with the mayor/A: we do but it's really close up/H: you can't tell like where it is/M: * we can get close up/M: oh you can't tell where it is/H: no it's just people like you can't/A: but we should I mean it was on the steps so that would be good/M: maybe we should go to the steps then/A: I've never seen this park in the daylight this is weird/A: just to live on the green/H: I came here for pride and that's it/M: yea?/H: yea
1445458405,-86.778693,36.1656614,152,0,1985,0,
1445458410,-86.778693,36.1656614,152,0,1990,0,
1445458415,-86.7786888,36.1656637,153,0,1995,0,
1445458420,-86.778678,36.1656951,152,1.2,2000,0,
1445458425,-86.7786667,36.1657383,152,0.8,2005,0,
1445458430,-86.7786356,36.1657828,153,1.1,2010,0,
1445458435,-86.7785814,36.1658377,153,1.5,2015,0,
1445458440,-86.7785586,36.1658819,153,1.2,2020,0,
1445458445,-86.7785429,36.165891,153,0.5,2025,0,
1445458450,-86.7785588,36.1659044,153,0.7,2030,0,
1445458455,-86.7786163,36.1659453,153,0.8,2035,0,
1445458460,-86.7786342,36.1659784,153,1.3,2040,0,M: north carolina pride goes through durham through duke's campus/A: * I think I walked here on a date one time to but that was also night/M: that sounds like a good date/A: yea we went to dinner in germantown and then went to the pedestrian bridge and back it was nice.. it was really fun.. didn't last but it was fun/H: * that's actually cool yea.. I wanna go I haven't been to the pedestrian bridge/M: ok so maybe like/A: * the pedestrian bridge is awesome/A: oh guys this is perfect/M: yea like this is really pretty/A: should we get on the other side so there aren't rando people standing in the middle.. or does it matter/M: no I don't care about them/J: wasn't the other side where the speech was made?/M: I don't know.. maybe we can take two pictures and then decide/A: yea/J: here let me see the map/A: go for it/J: * yea I mean we're we're right here yea that's true/M: * yea I mean that's where I marked the x but I don't know specifically if that's/H: yea/M: here's the sheriffs office and jail right here/H: but you would think that it happened like on the steps like I don't know like this is the front that's the facade of the/M: * yea these are like the main steps that's just kind of like where I marked and I don't know if that x is actually where it happened/J: * yea you would think you would think/A: right
1445458465,-86.7786385,36.1660063,153,1,2045,0,
1445458470,-86.778596,36.1660411,154,0.6,2050,0,
1445458475,-86.7785319,36.1660736,154,0.9,2055,0,
1445458480,-86.7785101,36.1661149,154,0.4,2060,0,
1445458485,-86.7784502,36.1661572,152,0,2065,0,
1445458490,-86.7784446,36.1661786,152,0.4,2070,0,
1445458495,-86.7784464,36.1661916,151,0.2,2075,0,
1445458500,-86.7784517,36.1662528,151,0.6,2080,0,
1445458505,-86.7784252,36.1662704,151,0.3,2085,0,
1445458510,-86.7784252,36.1662704,151,0,2090,0,
1445458515,-86.7784111,36.1662783,151,0,2095,0,
1445458520,-86.7784098,36.1662783,150,0,2100,0,M: ok so then should we go back/A: is there any sort of memorial or maker?/H: well I'm looking at these/A: yea what are these?/H: I don't know.. but there's kind of too many to.. poll tax.. fancy groceries/A: * bless you/M: liquor/M: thirty three/A: * sorry I stopped to read that one/H: * so maybe we can make them watch the middle of the field and that's where the picture of the mayor's thing is so it makes you feel like you're there/M: * uh huh /M: yea/A: (laughing) oh/A: do all of these have things on them?
1445458525,-86.7784227,36.1663066,151,0.7,2105,0,
1445458530,-86.7784051,36.1663173,151,0,2110,0,
1445458535,-86.7783682,36.1663198,151,0.5,2115,0,
1445458540,-86.7783363,36.1663151,151,0.5,2120,0,
1445458545,-86.7783171,36.1663109,151,0.4,2125,0,
1445458550,-86.7782816,36.1663219,150,1,2130,0,
1445458555,-86.7782618,36.1663576,150,0.9,2135,0,
1445458560,-86.7782909,36.1663927,149,1,2140,0,
1445458565,-86.7782693,36.1664263,149,0.5,2145,0,
1445458570,-86.7782353,36.1664409,149,0,2150,0,
1445458575,-86.7782514,36.1664583,148,0.8,2155,0,
1445458580,-86.7782516,36.1665123,148,1.3,2160,0,J: this space feels soo much different with live on the green like it feels huge/L: it feels really small and crowded?/J: i don't know like I always thought this would be bigger/L: oh you mean it seems huge because of the stage/J: yea cuz of the people and the stage and like I don't know/L: (inaudible)/J: yea like over there/M: none of these are interesting/A: none of these are relevant?/M: they're all pre like nineteen thirty/A: ahh dang/L: did I ruin the picture with my/H: no they're all in it/J: uh yeah like over there/M: I mean they're like interesting but they're not/A: there's got to be should we walk up to the steps and see if there's an actual plaque of some sort don't know if there is/M: I doubt there is I bet there's probably been a lot of historic things.. but yea we could definitely check.. we might as well/A: * I mean we're here we might as well check..cuz I feel like you're right but.. you never know we didn't expect it at other places/M: * yea/L: oh they turned off those fountains that were here/L: lara isn't that where fountains were or right down the stairs?
1445458585,-86.7782563,36.1665839,149,1.3,2165,0,
1445458590,-86.7782598,36.1666212,149,0.3,2170,0,
1445458595,-86.778247,36.1666276,149,0,2175,0,
1445458600,-86.778247,36.1666276,149,0,2180,0,
1445458605,-86.7782326,36.1666157,149,0,2185,0,
1445458610,-86.7782311,36.1666094,148,0,2190,0,
1445458615,-86.7782434,36.1665978,148,0.2,2195,0,
1445458620,-86.7782548,36.1665883,148,0,2200,0,
1445458625,-86.778252,36.1665787,149,0.4,2205,0,
1445458630,-86.7782403,36.1665828,149,0,2210,0,
1445458635,-86.7782389,36.1666001,149,0,2220,0,L: right down the stairs you (inaudible) eightyfive degrees/L: is it eighty five? (inaudible)/L: no it's like eighty two (inaudible)/L: anything over eighty two (inaudible)/A: man this feels a lot smaller than live on the green! I don't know how they fit this many people here/M: magic/A: that's insane/H: where's the map/A: jake you have the map (laughing)/H: so are we done?/M: so the map has two jails marked there's we had one more there's a jail I mean there's one up here/H: * yea like there's one on the other side of the building/J: * yea the jails the jails over there/M: we can do that one I mean she didn't specify so I don't know which one is.. is correct/H: * yea yea/A: so which one was the one they were in.. is there a way to know that?/L: just so you know in ten minutes we probably need to start walking back/A: ok/M: yea..so let's just go around the building/H: * so let's just go around and then/J: yea let's do it.. did someone take a picture of it/M: and we can even walk up close to it.. and there might be a plaque on it you know/A: * cuz if we finished here that would be fine/L: you could even leave livetrekker on until you get back to the.. library or the civil rights room in case that's something you want to include/M: * yea that be smart/A: * ok that's a good idea/H: * oh we should/L: it's probably harder to add a line but easier to take them away/M: sure/A: right/L: right you can't add lines but you can take them away/A: so we might as well do that
1445458645,-86.778234,36.166624,149,0,2225,0,
1445458650,-86.778234,36.166624,149,0,2230,0,
1445458655,-86.778234,36.166624,149,0,2235,0,
1445458660,-86.778234,36.166624,149,0,2240,0,
1445458665,-86.778234,36.166624,149,0,2245,0,
1445458670,-86.7782316,36.1666388,149,0.3,2250,0,
1445458675,-86.7782374,36.1666473,149,0,2255,0,
1445458680,-86.7782304,36.1666374,149,0.4,2260,0,
1445458685,-86.7782343,36.1666381,149,0,2265,0,
1445458690,-86.7782273,36.166663,149,0.6,2270,0,
1445458695,-86.7782229,36.1666898,149,0.5,2275,0,
1445458700,-86.7782568,36.1667549,149,1.1,2280,0,H: BUT we could we did stop at the library so we could just say go in the library like there like if we want to include the civil rights room which we should then we could just say go in/M: * yea.. for sure/A: guys this building is freaking huge.. it is huge it's so pretty/M: * yes it's beautiful/H: it is actually it looks really small but when you get closer it's kinda/A: I know when you get closer it's like ginormous/M: I like the fountains/A: HEY look a plaque! I'm pretty sure that says eighteen that says nineteen sixty/H: it says/J: nineteen fifty or sixty/A: yea buddy!/J: the quickest way will probably be to walk through this building/A: * HEY look religion!/H: look what?/M: tightening our themes!/A: I said look religion but what..what I meant was look at bible verse (laughing) but no that was one of our themes so this is perfect..YES!/H: yea bombed/J: this is perfect/H: boom nashville thanks/A: I knew there would be a plaque.. this is really cool actually/A: I like it this memorial comemmorates the civility of those demonstrators
1445458705,-86.7782679,36.1667971,149,1.1,2285,0,
1445458710,-86.7782789,36.1668909,149,0.9,2290,0,
1445458715,-86.7782961,36.1669267,149,0.4,2295,0,
1445458720,-86.7783014,36.1669399,149,0.5,2300,0,
1445458725,-86.7783542,36.1670364,148,1.1,2305,0,
1445458730,-86.778367,36.1670625,149,2.4,2310,0,
1445458735,-86.7783743,36.1670826,149,2.2,2315,0,
1445458740,-86.7783902,36.1670967,149,0.8,2320,0,
1445458745,-86.7784283,36.1670918,150,0.5,2325,0,
1445458750,-86.7784359,36.167091,151,0.2,2330,0,
1445458755,-86.7784359,36.167091,151,0,2335,0,
1445458760,-86.7784681,36.1670542,150,0,2340,0,M: they make it sound like segregation ended like right at that moment though which is not the case/A: it's not but it more or less did because one of the things in my oral history that they talked about was how unique it is was that in nashville desegregation didn't start with a courtcase it started with a community descision and the mayor talking on the steps/H: * but it is/M: * uh huh/A: so it is it it like was kind of the end of segregation.. not literally but essentially/M: * uh huh yea/M: alright so let's walk around and see if there's still something about the sheriffs office slash jail location.. and then head back/H: I'm really impressed about like nashville's effort to like document these things/A: * yea but actually/H: because we are looking at it from a specific lens.. there are so many other things that have happened in nashville that like nashville's kind of like famous for the civil rights movement right but I don't know I wasn't expecting it to be as.. placardized as it is/A: * as complete as it is?
1445458765,-86.7784681,36.1670542,150,0,2345,0,
1445458770,-86.7784681,36.1670542,150,0,2350,0,
1445458775,-86.7784591,36.1670482,150,0.3,2355,0,
1445458785,-86.7784819,36.1670138,150,0.4,2365,0,
1445458790,-86.7784554,36.1670283,150,0.5,2370,0,
1445458795,-86.7783962,36.1670617,150,1.7,2375,0,
1445458800,-86.7783368,36.1671018,151,1.2,2380,0,
1445458805,-86.7782846,36.1671396,150,0.8,2385,0,
1445458810,-86.7782595,36.1671549,150,0.9,2390,0,
1445458815,-86.7782315,36.1672085,150,1.4,2395,0,
1445458820,-86.7781522,36.1672477,150,2.2,2400,0,H: the first duty of society is justice/A: woah/H: is that a jail or what is it?/M: the what?/H: it's like a line/A: oh!/A: ok so this is a municipal building/H: but wasn't it like?/M: here's a place for it right there/H: perfect/M: metropolitan justice center/A: so we can do kind of a loop around the whole capitol/H: and then head back?/A: yea/A: * and we could really just take/M: * that's funny it looks like quincy's market in boston/J: isn't it funny that the quote on the grumpy's bail bonds thing is free at last?/A: * yea/M: * yea/A: we could even just take uh it would probably be a better picture from this side of the street if we don't want to cross it/H: I don't think we should cross it it's not really necessary/M: * yea/A: no I agree
1445458825,-86.778062,36.1672855,149,0.5,2405,0,
1445458830,-86.7780015,36.1673129,149,0.4,2410,0,
1445458835,-86.7780359,36.1673436,147,0.5,2415,0,
1445458840,-86.7779778,36.167371,146,1,2420,0,
1445458845,-86.777924,36.1673573,145,0.7,2425,0,
1445458850,-86.7779612,36.1674383,145,1.1,2430,0,
1445458855,-86.7779782,36.16747,145,0.8,2435,0,
1445458860,-86.7780202,36.1675083,144,1.6,2440,0,
1445458865,-86.7780416,36.1675906,143,2,2445,0,
1445458870,-86.7780794,36.1676443,143,0.2,2450,0,
1445458875,-86.7780938,36.1676739,143,0.6,2455,0,
1445458880,-86.7781149,36.1676701,143,1.4,2460,0,H: that quote's cool/A: that is cool/J: yea/A: I don't know what that building is/H: I don't either/M: the first studio society is justice/A: yea what building is that do you know/H: * yea/M: I don't know I'm intrigued/A: * well now we're curious/H: justice department/M: well it looks like down here city market house/A: that's what that is right across the street/M: * yea/H: I wonder if it's that the/M: * I don't think so cuz it's behind market/A: * no it's right back here.. but that was just a parking lot in nineteen sixty/H: * yea you're right/M: yea that's cool though/L: what was?/A: the building that says um the first studio society is justice or whatever it says/L: are all your go pros working?/H: I sense a placard
1445458885,-86.7781641,36.1676699,143,0.4,2465,0,
1445458890,-86.7781733,36.1676459,144,0.6,2470,0,
1445458895,-86.7782827,36.1676111,144,1.7,2475,0,
1445458900,-86.7783004,36.1676182,145,0.6,2480,0,
1445458905,-86.7783231,36.1676072,145,1.1,2485,0,
1445458910,-86.7783595,36.1675929,145,0.3,2490,0,
1445458915,-86.7783595,36.1675903,145,0,2495,0,
1445458920,-86.7783595,36.1675903,145,0,2500,0,
1445458925,-86.7783794,36.1675798,145,0.8,2505,0,
1445458930,-86.7784549,36.1675424,145,1.8,2510,0,
1445458935,-86.7785078,36.1675211,145,0.9,2515,0,
1445458940,-86.7785568,36.1675223,145,0.7,2520,0,A: that was probably weird because I stared at it for awhile/L: (inaudible) we have these shots (inaudible)/A: perfect (laughing)/M: we looking for a placard or?/H: well this is the/M: oh yeah/H: yeah this is what we were looking for originally/M: * uh huh/J: * uh huh/A: oh perfect/M: well that makes sense the original building/A: yea/A: this is relevant to if we want to talk about who looby was /M: * I see a placard/M: * yea/J: * yea/H: * yea/J: I think I think we should definitely mention him.. he was such a big part of it/A: * yea I mean his house/H: * you can't not yea/M: * yea/M: ok/H: * alright should we head back/A: alright are we good.. to the library/M: I think we're good I see a placard over there and I'm curious about what it is/H: for sure wanting to read a placard again/A: * yay another one! (laughing)/M: huh?/H: I'm down to read more placards/M: wait can we get a picture of the sign on that building also/A: the first studio society what building is that?/M: I don't know but it looks like it was built post nineteen sixty/A: yea/H: yea it does let's see let's see let's see what it is/M: * but it's interesting that that's.. to juxtapose those two I think is really interesting
1445458945,-86.7786186,36.1674922,145,0.4,2525,0,
1445458950,-86.7786328,36.1674748,145,0.8,2530,0,
1445458960,-86.778615,36.1674547,146,0,2540,0,
1445458965,-86.7785967,36.1674717,146,0.8,2545,0,
1445458970,-86.7786067,36.1674795,145,0.3,2550,0,
1445458975,-86.7786096,36.1674815,145,0,2555,0,
1445458980,-86.778634,36.1674658,145,0.3,2560,0,
1445458985,-86.7787153,36.1674305,145,2.2,2565,0,
1445458990,-86.7787388,36.1674174,145,0,2570,0,
1445458995,-86.7787388,36.1674174,146,0,2575,0,